Point No.,Normal Force [N],Gap [mm],Time [s]
1,5.09,14.445,2488
2,5.09,14.445,2488
3,5.09,14.445,2488
4,5.09,14.445,2488
5,5.09,14.445,2488
6,5.09,14.445,2488
7,5.08,14.445,2488
8,5.07,14.445,2488
9,5.04,14.447,2488
10,5.00,14.447,2488
11,4.97,14.451,2488
12,4.94,14.451,2488
13,4.87,14.456,2488
14,4.87,14.456,2488
15,4.75,14.461,2488
16,4.75,14.461,2488
17,4.65,14.466,2488
18,4.64,14.466,2488
19,4.56,14.471,2488
20,4.56,14.471,2488
21,4.46,14.476,2488
22,4.47,14.476,2488
23,4.36,14.481,2488
24,4.40,14.481,2488
25,4.28,14.486,2488
26,4.31,14.486,2488
27,4.21,14.491,2488
28,4.23,14.491,2488
29,4.13,14.496,2488
30,4.20,14.496,2488
31,4.05,14.501,2488
32,4.14,14.501,2488
33,4.00,14.505,2488
34,4.08,14.506,2488
35,3.94,14.510,2488
36,4.01,14.510,2488
37,3.87,14.515,2488
38,3.96,14.515,2488
39,3.82,14.520,2488
40,3.92,14.520,2488
41,3.77,14.525,2488
42,3.87,14.525,2488
43,3.72,14.530,2488
44,3.81,14.530,2488
45,3.66,14.535,2488
46,3.76,14.535,2488
47,3.62,14.541,2488
48,3.75,14.541,2488
49,3.60,14.545,2488
50,3.70,14.545,2488
51,3.56,14.550,2488
52,3.66,14.550,2488
53,3.52,14.555,2488
54,3.63,14.555,2488
55,3.49,14.560,2488
56,3.62,14.560,2488
57,3.48,14.565,2488
58,3.59,14.565,2488
59,3.46,14.570,2488
60,3.56,14.570,2488
61,3.43,14.575,2488
62,3.53,14.575,2488
63,3.38,14.580,2488
64,3.52,14.580,2488
65,3.35,14.585,2488
66,3.47,14.585,2488
67,3.32,14.590,2488
68,3.42,14.590,2488
69,3.27,14.595,2488
70,3.39,14.595,2488
71,3.23,14.600,2488
72,3.37,14.600,2488
73,3.20,14.605,2488
74,3.32,14.605,2488
75,3.17,14.610,2488
76,3.27,14.610,2488
77,3.13,14.615,2488
78,3.24,14.615,2488
79,3.10,14.620,2488
80,3.22,14.620,2488
81,3.07,14.625,2488
82,3.18,14.625,2488
83,3.04,14.630,2488
84,3.14,14.630,2488
85,3.00,14.635,2488
86,3.10,14.635,2488
87,2.96,14.640,2488
88,3.08,14.641,2488
89,2.94,14.645,2488
90,3.05,14.645,2488
91,2.92,14.650,2488
92,3.01,14.650,2488
93,2.87,14.655,2488
94,2.97,14.655,2488
95,2.83,14.660,2488
96,2.95,14.660,2489
97,2.81,14.665,2489
98,2.92,14.665,2489
99,2.79,14.670,2489
100,2.89,14.670,2489
101,2.75,14.675,2489
102,2.85,14.675,2489
103,2.72,14.680,2489
104,2.83,14.680,2489
105,2.70,14.685,2489
106,2.81,14.685,2489
107,2.68,14.690,2489
108,2.78,14.690,2489
109,2.64,14.695,2489
110,2.73,14.695,2489
111,2.61,14.700,2489
112,2.73,14.700,2489
113,2.59,14.705,2489
114,2.70,14.705,2489
115,2.58,14.710,2489
116,2.66,14.710,2489
117,2.53,14.715,2489
118,2.62,14.715,2489
119,2.50,14.720,2489
120,2.62,14.720,2489
121,2.48,14.725,2489
122,2.59,14.725,2489
123,2.47,14.730,2489
124,2.56,14.730,2489
125,2.43,14.735,2489
126,2.52,14.735,2489
127,2.39,14.740,2489
128,2.51,14.740,2489
129,2.38,14.745,2489
130,2.48,14.745,2489
131,2.37,14.750,2489
132,2.45,14.750,2489
133,2.33,14.754,2489
134,2.42,14.755,2489
135,2.30,14.759,2489
136,2.41,14.760,2489
137,2.28,14.764,2489
138,2.39,14.765,2489
139,2.28,14.769,2489
140,2.36,14.770,2489
141,2.25,14.774,2489
142,2.32,14.774,2489
143,2.22,14.780,2489
144,2.32,14.780,2489
145,2.21,14.784,2489
146,2.29,14.784,2489
147,2.19,14.789,2489
148,2.27,14.789,2489
149,2.17,14.794,2489
150,2.24,14.794,2489
151,2.14,14.799,2489
152,2.23,14.799,2489
153,2.11,14.804,2489
154,2.21,14.804,2489
155,2.10,14.809,2489
156,2.19,14.809,2489
157,2.07,14.814,2489
158,2.15,14.814,2489
159,2.04,14.820,2489
160,2.14,14.820,2489
161,2.02,14.824,2489
162,2.12,14.824,2489
163,2.01,14.829,2489
164,2.09,14.829,2489
165,1.98,14.834,2489
166,2.06,14.834,2489
167,1.95,14.839,2489
168,2.04,14.839,2489
169,1.92,14.844,2489
170,2.03,14.844,2489
171,1.92,14.849,2489
172,2.00,14.849,2489
173,1.89,14.854,2489
174,1.97,14.854,2489
175,1.86,14.859,2489
176,1.96,14.859,2489
177,1.84,14.864,2489
178,1.94,14.864,2489
179,1.83,14.869,2489
180,1.92,14.869,2489
181,1.81,14.874,2489
182,1.88,14.874,2489
183,1.78,14.879,2489
184,1.87,14.879,2489
185,1.76,14.884,2489
186,1.85,14.884,2489
187,1.75,14.889,2489
188,1.83,14.889,2489
189,1.73,14.894,2489
190,1.80,14.894,2489
191,1.70,14.899,2489
192,1.79,14.899,2489
193,1.68,14.904,2489
194,1.77,14.904,2489
195,1.68,14.909,2489
196,1.76,14.909,2489
197,1.65,14.914,2489
198,1.73,14.914,2489
199,1.63,14.919,2489
200,1.71,14.919,2489
201,1.60,14.924,2489
202,1.69,14.924,2489
203,1.60,14.929,2489
204,1.68,14.929,2489
205,1.59,14.933,2489
206,1.65,14.933,2489
207,1.56,14.939,2489
208,1.63,14.939,2489
209,1.53,14.943,2489
210,1.62,14.943,2489
211,1.54,14.948,2489
212,1.60,14.948,2489
213,1.52,14.953,2489
214,1.59,14.953,2489
215,1.49,14.959,2489
216,1.56,14.959,2489
217,1.47,14.964,2489
218,1.55,14.964,2489
219,1.47,14.969,2489
220,1.53,14.969,2489
221,1.45,14.973,2489
222,1.51,14.973,2489
223,1.42,14.979,2489
224,1.50,14.979,2489
225,1.40,14.983,2489
226,1.48,14.983,2489
227,1.41,14.988,2489
228,1.47,14.988,2489
229,1.39,14.993,2489
230,1.45,14.993,2489
231,1.37,14.999,2489
232,1.43,14.999,2489
233,1.34,15.003,2489
234,1.42,15.003,2489
235,1.34,15.008,2489
236,1.41,15.008,2489
237,1.33,15.013,2489
238,1.38,15.013,2489
239,1.31,15.019,2489
240,1.37,15.019,2489
241,1.29,15.024,2489
242,1.36,15.024,2489
243,1.29,15.028,2489
244,1.35,15.028,2489
245,1.28,15.033,2489
246,1.33,15.033,2489
247,1.26,15.038,2489
248,1.31,15.038,2489
249,1.24,15.043,2489
250,1.30,15.043,2489
251,1.23,15.048,2489
252,1.29,15.048,2489
253,1.23,15.053,2489
254,1.27,15.053,2489
255,1.21,15.058,2489
256,1.26,15.058,2489
257,1.19,15.064,2489
258,1.24,15.064,2489
259,1.18,15.069,2489
260,1.23,15.069,2489
261,1.18,15.073,2489
262,1.22,15.073,2489
263,1.16,15.078,2489
264,1.21,15.078,2489
265,1.14,15.083,2489
266,1.19,15.083,2489
267,1.13,15.088,2489
268,1.18,15.088,2489
269,1.13,15.093,2489
270,1.16,15.093,2489
271,1.11,15.098,2489
272,1.15,15.098,2489
273,1.10,15.103,2489
274,1.14,15.103,2489
275,1.09,15.109,2489
276,1.13,15.109,2489
277,1.08,15.113,2489
278,1.11,15.113,2489
279,1.07,15.119,2489
280,1.11,15.119,2489
281,1.04,15.123,2489
282,1.09,15.123,2489
283,1.04,15.128,2489
284,1.07,15.128,2489
285,1.04,15.133,2489
286,1.06,15.133,2489
287,1.02,15.138,2489
288,1.06,15.138,2489
289,1.00,15.143,2489
290,1.05,15.143,2489
291,1.00,15.148,2489
292,1.03,15.148,2489
293,0.99,15.153,2489
294,1.02,15.153,2489
295,0.98,15.159,2489
296,1.01,15.159,2490
297,0.97,15.163,2490
298,1.00,15.163,2490
299,0.95,15.168,2490
300,0.98,15.168,2490
301,0.95,15.173,2490
302,0.97,15.173,2490
303,0.94,15.178,2490
304,0.96,15.178,2490
305,0.92,15.183,2490
306,0.95,15.183,2490
307,0.91,15.188,2490
308,0.94,15.188,2490
309,0.91,15.193,2490
310,0.92,15.193,2490
311,0.90,15.198,2490
312,0.92,15.198,2490
313,0.88,15.203,2490
314,0.90,15.203,2490
315,0.87,15.208,2490
316,0.89,15.208,2490
317,0.87,15.213,2490
318,0.88,15.213,2490
319,0.86,15.218,2490
320,0.87,15.218,2490
321,0.85,15.223,2490
322,0.86,15.223,2490
323,0.83,15.228,2490
324,0.85,15.228,2490
325,0.83,15.233,2490
326,0.84,15.233,2490
327,0.82,15.238,2490
328,0.83,15.238,2490
329,0.81,15.243,2490
330,0.82,15.243,2490
331,0.79,15.248,2490
332,0.80,15.248,2490
333,0.79,15.253,2490
334,0.79,15.253,2490
335,0.78,15.258,2490
336,0.79,15.258,2490
337,0.77,15.263,2490
338,0.77,15.263,2490
339,0.75,15.268,2490
340,0.75,15.268,2490
341,0.75,15.273,2490
342,0.75,15.273,2490
343,0.75,15.278,2490
344,0.74,15.278,2490
345,0.73,15.283,2490
346,0.73,15.283,2490
347,0.71,15.288,2490
348,0.71,15.288,2490
349,0.71,15.293,2490
350,0.69,15.293,2490
351,0.70,15.299,2490
352,0.69,15.299,2490
353,0.69,15.303,2490
354,0.69,15.303,2490
355,0.67,15.308,2490
356,0.66,15.308,2490
357,0.66,15.313,2490
358,0.65,15.313,2490
359,0.66,15.318,2490
360,0.64,15.318,2490
361,0.64,15.323,2490
362,0.63,15.323,2490
363,0.63,15.328,2490
364,0.61,15.328,2490
365,0.62,15.333,2490
366,0.60,15.333,2490
367,0.62,15.338,2490
368,0.59,15.338,2490
369,0.60,15.343,2490
370,0.58,15.343,2490
371,0.58,15.348,2490
372,0.55,15.348,2490
373,0.57,15.353,2490
374,0.54,15.353,2490
375,0.56,15.358,2490
376,0.53,15.358,2490
377,0.55,15.363,2490
378,0.53,15.363,2490
379,0.53,15.368,2490
380,0.50,15.368,2490
381,0.52,15.373,2490
382,0.48,15.373,2490
383,0.52,15.378,2490
384,0.49,15.378,2490
385,0.51,15.383,2490
386,0.48,15.383,2490
387,0.48,15.388,2490
388,0.46,15.388,2490
389,0.48,15.393,2490
390,0.44,15.393,2490
391,0.47,15.398,2490
392,0.44,15.398,2490
393,0.46,15.403,2490
394,0.43,15.403,2490
395,0.44,15.408,2490
396,0.41,15.408,2490
397,0.44,15.413,2490
398,0.40,15.413,2490
399,0.43,15.418,2490
400,0.39,15.418,2490
401,0.42,15.423,2490
402,0.39,15.423,2490
403,0.40,15.428,2490
404,0.37,15.428,2490
405,0.39,15.433,2490
406,0.35,15.433,2490
407,0.39,15.438,2490
408,0.35,15.438,2490
409,0.38,15.443,2490
410,0.35,15.443,2490
411,0.36,15.448,2490
412,0.33,15.448,2490
413,0.36,15.453,2490
414,0.31,15.453,2490
415,0.35,15.458,2490
416,0.38,15.458,2490
417,0.35,15.463,2490
418,0.37,15.463,2490
419,0.33,15.468,2490
420,0.35,15.468,2490
421,0.32,15.473,2490
422,0.34,15.473,2490
423,0.32,15.478,2490
424,0.34,15.478,2490
425,0.31,15.483,2490
426,0.33,15.483,2490
427,0.29,15.488,2490
428,0.30,15.488,2490
429,0.29,15.493,2490
430,0.29,15.493,2490
431,0.27,15.498,2490
432,0.30,15.498,2490
433,0.28,15.503,2490
434,0.30,15.503,2490
435,0.26,15.508,2490
436,0.27,15.508,2490
437,0.26,15.513,2490
438,0.26,15.513,2490
439,0.25,15.518,2490
440,0.27,15.518,2490
441,0.25,15.518,2490
442,0.26,15.523,2490
443,0.22,15.523,2490
444,0.24,15.528,2490
445,0.22,15.533,2490
446,0.22,15.533,2490
447,0.21,15.538,2490
448,0.22,15.538,2490
449,0.21,15.543,2490
450,0.22,15.543,2490
451,0.19,15.548,2490
452,0.20,15.548,2490
453,0.19,15.553,2490
454,0.18,15.553,2490
455,0.18,15.558,2490
456,0.19,15.558,2490
457,0.18,15.563,2490
458,0.18,15.563,2490
459,0.16,15.563,2490
460,0.16,15.568,2490
461,0.15,15.568,2490
462,0.14,15.573,2490
463,0.14,15.573,2490
464,0.15,15.578,2490
465,0.14,15.583,2490
466,0.15,15.583,2490
467,0.12,15.588,2490
468,0.13,15.588,2490
469,0.12,15.593,2490
470,0.10,15.593,2490
471,0.11,15.598,2490
472,0.11,15.598,2490
473,0.11,15.603,2490
474,0.11,15.603,2490
475,0.09,15.608,2490
476,0.09,15.608,2490
477,0.09,15.613,2490
478,0.07,15.613,2490
479,0.07,15.618,2490
480,0.07,15.618,2490
481,0.08,15.618,2490
482,0.07,15.623,2490
483,0.06,15.623,2490
484,0.05,15.628,2490
485,0.06,15.628,2490
486,0.04,15.633,2490
487,0.05,15.638,2490
488,0.03,15.638,2490
489,0.05,15.643,2490
490,0.04,15.643,2490
491,0.03,15.648,2490
492,0.02,15.648,2490
493,0.03,15.653,2490
494,0.00,15.653,2490
495,0.01,15.658,2490
496,0.00,15.657,2491
497,0.02,15.663,2491
498,0.00,15.662,2491
499,0.00,15.662,2491
500,-0.02,15.667,2491
501,0.00,15.667,2491
502,-0.04,15.672,2491
503,-0.02,15.672,2491
504,-0.03,15.677,2491
505,-0.01,15.677,2491
506,-0.04,15.682,2491
507,-0.04,15.687,2491
508,-0.05,15.687,2491
509,-0.04,15.692,2491
510,-0.08,15.692,2491
511,-0.05,15.697,2491
512,-0.08,15.697,2491
513,-0.05,15.702,2491
514,-0.07,15.702,2491
515,-0.06,15.707,2491
516,-0.09,15.707,2491
517,-0.06,15.707,2491
518,-0.11,15.712,2491
519,-0.08,15.712,2491
520,-0.11,15.718,2491
521,-0.07,15.718,2491
522,-0.11,15.722,2491
523,-0.09,15.722,2491
524,-0.11,15.727,2491
525,-0.08,15.732,2491
526,-0.14,15.732,2491
527,-0.10,15.737,2491
528,-0.14,15.737,2491
529,-0.10,15.742,2491
530,-0.14,15.742,2491
531,-0.11,15.747,2491
532,-0.15,15.747,2491
533,-0.11,15.752,2491
534,-0.16,15.752,2491
535,-0.12,15.757,2491
536,-0.16,15.757,2491
537,-0.12,15.757,2491
538,-0.16,15.762,2491
539,-0.15,15.762,2491
540,-0.18,15.767,2491
541,-0.12,15.767,2491
542,-0.19,15.772,2491
543,-0.15,15.772,2491
544,-0.19,15.777,2491
545,-0.15,15.777,2491
546,-0.18,15.782,2491
547,-0.16,15.782,2491
548,-0.19,15.787,2491
549,-0.15,15.787,2491
550,-0.20,15.792,2491
551,-0.17,15.792,2491
552,-0.20,15.797,2491
553,-0.16,15.797,2491
554,-0.21,15.802,2491
555,-0.18,15.802,2491
556,-0.21,15.807,2491
557,-0.17,15.807,2491
558,-0.22,15.812,2491
559,-0.19,15.812,2491
560,-0.22,15.817,2491
561,-0.17,15.817,2491
562,-0.22,15.822,2491
563,-0.21,15.822,2491
564,-0.22,15.827,2491
565,-0.18,15.827,2491
566,-0.23,15.832,2491
567,-0.21,15.832,2491
568,-0.25,15.837,2491
569,-0.22,15.837,2491
570,-0.25,15.842,2491
571,-0.22,15.842,2491
572,-0.24,15.847,2491
573,-0.21,15.847,2491
574,-0.26,15.852,2491
575,-0.22,15.852,2491
576,-0.26,15.857,2491
577,-0.22,15.857,2491
578,-0.26,15.862,2491
579,-0.23,15.862,2491
580,-0.26,15.867,2491
581,-0.22,15.867,2491
582,-0.27,15.872,2491
583,-0.23,15.872,2491
584,-0.27,15.877,2491
585,-0.23,15.877,2491
586,-0.29,15.882,2491
587,-0.24,15.882,2491
588,-0.27,15.887,2491
589,-0.23,15.887,2491
590,-0.32,15.892,2491
591,-0.25,15.892,2491
592,-0.32,15.897,2491
593,-0.24,15.897,2491
594,-0.31,15.902,2491
595,-0.25,15.902,2491
596,-0.32,15.907,2491
597,-0.25,15.907,2491
598,-0.32,15.912,2491
599,-0.25,15.912,2491
600,-0.34,15.917,2491
601,-0.25,15.917,2491
602,-0.32,15.922,2491
603,-0.26,15.922,2491
604,-0.33,15.927,2491
605,-0.25,15.927,2491
606,-0.33,15.932,2491
607,-0.26,15.932,2491
608,-0.33,15.937,2491
609,-0.26,15.937,2491
610,-0.33,15.942,2491
611,-0.27,15.942,2491
612,-0.34,15.947,2491
613,-0.25,15.947,2491
614,-0.34,15.952,2491
615,-0.26,15.952,2491
616,-0.34,15.957,2491
617,-0.25,15.957,2491
618,-0.34,15.962,2491
619,-0.27,15.962,2491
620,-0.34,15.967,2491
621,-0.26,15.967,2491
622,-0.35,15.972,2491
623,-0.26,15.972,2491
624,-0.35,15.977,2491
625,-0.26,15.977,2491
626,-0.35,15.982,2491
627,-0.28,15.982,2491
628,-0.35,15.987,2491
629,-0.26,15.987,2491
630,-0.34,15.992,2491
631,-0.27,15.992,2491
632,-0.36,15.997,2491
633,-0.26,15.997,2491
634,-0.36,16.002,2491
635,-0.28,16.002,2491
636,-0.35,16.007,2491
637,-0.27,16.007,2491
638,-0.36,16.012,2491
639,-0.28,16.012,2491
640,-0.39,16.017,2491
641,-0.28,16.017,2491
642,-0.36,16.022,2491
643,-0.29,16.022,2491
644,-0.36,16.027,2491
645,-0.27,16.027,2491
646,-0.38,16.032,2491
647,-0.28,16.032,2491
648,-0.39,16.037,2491
649,-0.29,16.037,2491
650,-0.39,16.042,2491
651,-0.30,16.042,2491
652,-0.38,16.047,2491
653,-0.27,16.047,2491
654,-0.37,16.052,2491
655,-0.26,16.052,2491
656,-0.36,16.057,2491
657,-0.25,16.057,2491
658,-0.35,16.062,2491
659,-0.28,16.062,2491
660,-0.35,16.067,2491
661,-0.26,16.067,2491
662,-0.36,16.071,2491
663,-0.27,16.071,2491
664,-0.37,16.077,2491
665,-0.26,16.077,2491
666,-0.39,16.082,2491
667,-0.29,16.082,2491
668,-0.39,16.087,2491
669,-0.30,16.087,2491
670,-0.39,16.092,2491
671,-0.29,16.092,2491
672,-0.40,16.097,2491
673,-0.28,16.097,2491
674,-0.40,16.102,2491
675,-0.31,16.102,2491
676,-0.40,16.107,2491
677,-0.31,16.107,2491
678,-0.41,16.111,2491
679,-0.30,16.111,2491
680,-0.40,16.117,2491
681,-0.28,16.117,2491
682,-0.37,16.122,2491
683,-0.28,16.122,2491
684,-0.37,16.127,2491
685,-0.27,16.127,2491
686,-0.40,16.131,2491
687,-0.31,16.131,2491
688,-0.41,16.137,2491
689,-0.28,16.137,2491
690,-0.41,16.142,2491
691,-0.31,16.142,2491
692,-0.41,16.147,2491
693,-0.29,16.147,2491
694,-0.40,16.151,2491
695,-0.31,16.151,2491
696,-0.42,16.157,2492
697,-0.28,16.157,2492
698,-0.41,16.162,2492
699,-0.30,16.162,2492
700,-0.41,16.167,2492
701,-0.29,16.167,2492
702,-0.41,16.171,2492
703,-0.31,16.171,2492
704,-0.42,16.177,2492
705,-0.28,16.177,2492
706,-0.42,16.182,2492
707,-0.31,16.182,2492
708,-0.42,16.187,2492
709,-0.30,16.187,2492
710,-0.42,16.192,2492
711,-0.30,16.192,2492
712,-0.43,16.197,2492
713,-0.29,16.197,2492
714,-0.43,16.202,2492
715,-0.31,16.202,2492
716,-0.43,16.207,2492
717,-0.30,16.207,2492
718,-0.43,16.211,2492
719,-0.31,16.211,2492
720,-0.44,16.216,2492
721,-0.29,16.216,2492
722,-0.43,16.222,2492
723,-0.31,16.222,2492
724,-0.43,16.227,2492
725,-0.31,16.227,2492
726,-0.44,16.231,2492
727,-0.31,16.231,2492
728,-0.44,16.236,2492
729,-0.30,16.236,2492
730,-0.44,16.242,2492
731,-0.31,16.242,2492
732,-0.43,16.247,2492
733,-0.30,16.247,2492
734,-0.44,16.252,2492
735,-0.30,16.252,2492
736,-0.43,16.257,2492
737,-0.29,16.257,2492
738,-0.43,16.262,2492
739,-0.30,16.262,2492
740,-0.43,16.266,2492
741,-0.30,16.266,2492
742,-0.44,16.271,2492
743,-0.31,16.271,2492
744,-0.43,16.276,2492
745,-0.29,16.276,2492
746,-0.43,16.282,2492
747,-0.31,16.282,2492
748,-0.44,16.286,2492
749,-0.35,16.286,2492
750,-0.46,16.292,2492
751,-0.32,16.292,2492
752,-0.44,16.297,2492
753,-0.29,16.297,2492
754,-0.44,16.302,2492
755,-0.32,16.302,2492
756,-0.45,16.306,2492
757,-0.36,16.306,2492
758,-0.46,16.311,2492
759,-0.32,16.311,2492
760,-0.45,16.316,2492
761,-0.32,16.316,2492
762,-0.45,16.322,2492
763,-0.32,16.322,2492
764,-0.45,16.326,2492
765,-0.34,16.326,2492
766,-0.45,16.331,2492
767,-0.34,16.331,2492
768,-0.44,16.337,2492
769,-0.29,16.337,2492
770,-0.45,16.342,2492
771,-0.31,16.342,2492
772,-0.44,16.347,2492
773,-0.31,16.347,2492
774,-0.45,16.351,2492
775,-0.32,16.351,2492
776,-0.45,16.356,2492
777,-0.30,16.356,2492
778,-0.45,16.362,2492
779,-0.32,16.362,2492
780,-0.45,16.366,2492
781,-0.35,16.366,2492
782,-0.46,16.371,2492
783,-0.35,16.371,2492
784,-0.46,16.376,2492
785,-0.31,16.376,2492
786,-0.45,16.382,2492
787,-0.34,16.382,2492
788,-0.46,16.387,2492
789,-0.33,16.387,2492
790,-0.47,16.391,2492
791,-0.35,16.391,2492
792,-0.48,16.397,2492
793,-0.34,16.397,2492
794,-0.46,16.402,2492
795,-0.38,16.402,2492
796,-0.45,16.406,2492
797,-0.32,16.406,2492
798,-0.45,16.411,2492
799,-0.32,16.411,2492
800,-0.45,16.416,2492
801,-0.30,16.416,2492
802,-0.45,16.422,2492
803,-0.32,16.422,2492
804,-0.45,16.427,2492
805,-0.32,16.427,2492
806,-0.46,16.432,2492
807,-0.35,16.432,2492
808,-0.46,16.437,2492
809,-0.31,16.437,2492
810,-0.46,16.442,2492
811,-0.32,16.442,2492
812,-0.46,16.446,2492
813,-0.37,16.446,2492
814,-0.47,16.451,2492
815,-0.37,16.451,2492
816,-0.47,16.456,2492
817,-0.31,16.456,2492
818,-0.45,16.462,2492
819,-0.31,16.462,2492
820,-0.44,16.466,2492
821,-0.30,16.466,2492
822,-0.44,16.471,2492
823,-0.31,16.471,2492
824,-0.44,16.477,2492
825,-0.28,16.477,2492
826,-0.40,16.482,2492
827,-0.27,16.482,2492
828,-0.40,16.487,2492
829,-0.31,16.487,2492
830,-0.41,16.491,2492
831,-0.29,16.491,2492
832,-0.40,16.496,2492
833,-0.26,16.496,2492
834,-0.39,16.502,2492
835,-0.26,16.502,2492
836,-0.39,16.506,2492
837,-0.27,16.506,2492
838,-0.40,16.511,2492
839,-0.29,16.511,2492
840,-0.40,16.516,2492
841,-0.26,16.516,2492
842,-0.40,16.522,2492
843,-0.27,16.522,2492
844,-0.39,16.527,2492
845,-0.27,16.527,2492
846,-0.40,16.531,2492
847,-0.29,16.531,2492
848,-0.41,16.536,2492
849,-0.30,16.536,2492
850,-0.40,16.541,2492
851,-0.28,16.541,2492
852,-0.40,16.546,2492
853,-0.29,16.546,2492
854,-0.41,16.551,2492
855,-0.33,16.551,2492
856,-0.42,16.556,2492
857,-0.30,16.556,2492
858,-0.42,16.562,2492
859,-0.31,16.562,2492
860,-0.41,16.567,2492
861,-0.32,16.567,2492
862,-0.42,16.572,2492
863,-0.32,16.572,2492
864,-0.43,16.577,2492
865,-0.30,16.577,2492
866,-0.41,16.582,2492
867,-0.31,16.582,2492
868,-0.41,16.586,2492
869,-0.32,16.586,2492
870,-0.42,16.591,2492
871,-0.32,16.591,2492
872,-0.43,16.596,2492
873,-0.29,16.596,2492
874,-0.36,16.601,2492
875,-0.25,16.601,2492
876,-0.33,16.606,2492
877,-0.23,16.606,2492
878,-0.36,16.611,2492
879,-0.26,16.611,2492
880,-0.37,16.617,2492
881,-0.24,16.617,2492
882,-0.37,16.622,2492
883,-0.25,16.622,2492
884,-0.35,16.627,2492
885,-0.27,16.627,2492
886,-0.36,16.631,2492
887,-0.27,16.631,2492
888,-0.37,16.636,2492
889,-0.25,16.636,2492
890,-0.37,16.641,2492
891,-0.25,16.641,2492
892,-0.35,16.646,2492
893,-0.27,16.646,2492
894,-0.37,16.651,2492
895,-0.26,16.651,2492
896,-0.37,16.656,2493
897,-0.25,16.656,2493
898,-0.37,16.662,2493
899,-0.25,16.662,2493
900,-0.31,16.667,2493
901,-0.22,16.667,2493
902,-0.32,16.671,2493
903,-0.23,16.671,2493
904,-0.33,16.676,2493
905,-0.23,16.676,2493
906,-0.32,16.681,2493
907,-0.22,16.681,2493
908,-0.31,16.686,2493
909,-0.22,16.686,2493
910,-0.32,16.691,2493
911,-0.23,16.691,2493
912,-0.33,16.696,2493
913,-0.23,16.696,2493
914,-0.34,16.701,2493
915,-0.24,16.701,2493
916,-0.32,16.707,2493
917,-0.22,16.707,2493
918,-0.32,16.712,2493
919,-0.24,16.712,2493
920,-0.34,16.716,2493
921,-0.25,16.716,2493
922,-0.34,16.721,2493
923,-0.26,16.721,2493
924,-0.31,16.726,2493
925,-0.23,16.726,2493
926,-0.33,16.731,2493
927,-0.25,16.731,2493
928,-0.35,16.736,2493
929,-0.26,16.736,2493
930,-0.35,16.741,2493
931,-0.25,16.741,2493
932,-0.32,16.746,2493
933,-0.23,16.746,2493
934,-0.33,16.752,2493
935,-0.27,16.752,2493
936,-0.34,16.757,2493
937,-0.26,16.757,2493
938,-0.35,16.762,2493
939,-0.26,16.762,2493
940,-0.33,16.766,2493
941,-0.24,16.766,2493
942,-0.33,16.771,2493
943,-0.25,16.771,2493
944,-0.35,16.776,2493
945,-0.26,16.776,2493
946,-0.35,16.781,2493
947,-0.28,16.781,2493
948,-0.32,16.786,2493
949,-0.24,16.786,2493
950,-0.34,16.791,2493
951,-0.29,16.791,2493
952,-0.35,16.796,2493
953,-0.26,16.796,2493
954,-0.35,16.802,2493
955,-0.27,16.802,2493
956,-0.33,16.806,2493
957,-0.26,16.806,2493
958,-0.34,16.811,2493
959,-0.27,16.811,2493
960,-0.35,16.816,2493
961,-0.28,16.816,2493
962,-0.36,16.821,2493
963,-0.26,16.821,2493
964,-0.34,16.826,2493
965,-0.28,16.826,2493
966,-0.34,16.831,2493
967,-0.29,16.831,2493
968,-0.35,16.836,2493
969,-0.26,16.836,2493
970,-0.35,16.841,2493
971,-0.27,16.841,2493
972,-0.31,16.847,2493
973,-0.23,16.847,2493
974,-0.31,16.851,2493
975,-0.24,16.851,2493
976,-0.31,16.856,2493
977,-0.24,16.856,2493
978,-0.32,16.861,2493
979,-0.24,16.861,2493
980,-0.31,16.866,2493
981,-0.23,16.866,2493
982,-0.30,16.871,2493
983,-0.24,16.871,2493
984,-0.32,16.876,2493
985,-0.23,16.876,2493
986,-0.32,16.881,2493
987,-0.23,16.881,2493
988,-0.31,16.886,2493
989,-0.23,16.886,2493
990,-0.31,16.891,2493
991,-0.24,16.891,2493
992,-0.31,16.896,2493
993,-0.24,16.896,2493
994,-0.33,16.901,2493
995,-0.27,16.901,2493
996,-0.31,16.906,2493
997,-0.24,16.906,2493
998,-0.31,16.911,2493
999,-0.24,16.911,2493
1000,-0.31,16.916,2493
1001,-0.24,16.916,2493
1002,-0.33,16.921,2493
1003,-0.28,16.921,2493
1004,-0.31,16.926,2493
1005,-0.24,16.926,2493
1006,-0.31,16.930,2493
1007,-0.25,16.930,2493
1008,-0.31,16.936,2493
1009,-0.28,16.936,2493
1010,-0.32,16.941,2493
1011,-0.27,16.941,2493
1012,-0.31,16.945,2493
1013,-0.25,16.945,2493
1014,-0.31,16.951,2493
1015,-0.25,16.951,2493
1016,-0.32,16.956,2493
1017,-0.28,16.956,2493
1018,-0.32,16.961,2493
1019,-0.25,16.961,2493
1020,-0.31,16.965,2493
1021,-0.26,16.965,2493
1022,-0.31,16.970,2493
1023,-0.26,16.970,2493
1024,-0.32,16.975,2493
1025,-0.25,16.975,2493
1026,-0.32,16.981,2493
1027,-0.28,16.981,2493
1028,-0.30,16.985,2493
1029,-0.25,16.985,2493
1030,-0.31,16.990,2493
1031,-0.27,16.990,2493
1032,-0.31,16.995,2493
1033,-0.30,16.995,2493
1034,-0.32,17.001,2493
1035,-0.29,17.001,2493
1036,-0.31,17.006,2493
1037,-0.26,17.006,2493
1038,-0.31,17.010,2493
1039,-0.29,17.010,2493
1040,-0.31,17.015,2493
1041,-0.29,17.015,2493
1042,-0.32,17.020,2493
1043,-0.30,17.020,2493
1044,-0.31,17.025,2493
1045,-0.26,17.025,2493
1046,-0.31,17.030,2493
1047,-0.26,17.030,2493
1048,-0.31,17.035,2493
1049,-0.26,17.035,2493
1050,-0.32,17.040,2493
1051,-0.29,17.040,2493
1052,-0.30,17.046,2493
1053,-0.26,17.046,2493
1054,-0.30,17.050,2493
1055,-0.23,17.050,2493
1056,-0.29,17.055,2493
1057,-0.24,17.055,2493
1058,-0.29,17.060,2493
1059,-0.24,17.060,2493
1060,-0.27,17.065,2493
1061,-0.21,17.066,2493
1062,-0.23,17.070,2493
1063,-0.21,17.071,2493
1064,-0.23,17.075,2493
1065,-0.20,17.076,2493
1066,-0.24,17.080,2493
1067,-0.21,17.081,2493
1068,-0.24,17.085,2493
1069,-0.21,17.086,2493
1070,-0.24,17.091,2493
1071,-0.22,17.091,2493
1072,-0.23,17.095,2493
1073,-0.21,17.096,2493
1074,-0.25,17.100,2493
1075,-0.21,17.101,2493
1076,-0.24,17.105,2493
1077,-0.21,17.106,2493
1078,-0.23,17.110,2493
1079,-0.21,17.111,2493
1080,-0.23,17.115,2493
1081,-0.21,17.116,2493
1082,-0.24,17.120,2493
1083,-0.21,17.121,2493
1084,-0.24,17.125,2493
1085,-0.22,17.125,2493
1086,-0.23,17.130,2493
1087,-0.22,17.130,2493
1088,-0.23,17.136,2493
1089,-0.22,17.136,2493
1090,-0.24,17.141,2493
1091,-0.22,17.141,2493
1092,-0.24,17.145,2493
1093,-0.22,17.145,2493
1094,-0.23,17.150,2493
1095,-0.22,17.150,2493
1096,-0.23,17.155,2494
1097,-0.21,17.155,2494
1098,-0.24,17.160,2494
1099,-0.22,17.160,2494
1100,-0.24,17.165,2494
1101,-0.22,17.165,2494
1102,-0.23,17.170,2494
1103,-0.22,17.170,2494
1104,-0.23,17.175,2494
1105,-0.22,17.175,2494
1106,-0.23,17.180,2494
1107,-0.22,17.180,2494
1108,-0.24,17.185,2494
1109,-0.23,17.185,2494
1110,-0.23,17.190,2494
1111,-0.23,17.190,2494
1112,-0.23,17.195,2494
1113,-0.22,17.195,2494
1114,-0.23,17.200,2494
1115,-0.23,17.200,2494
1116,-0.24,17.205,2494
1117,-0.23,17.205,2494
1118,-0.23,17.210,2494
1119,-0.23,17.210,2494
1120,-0.23,17.215,2494
1121,-0.23,17.215,2494
1122,-0.23,17.220,2494
1123,-0.23,17.220,2494
1124,-0.23,17.225,2494
1125,-0.23,17.225,2494
1126,-0.24,17.230,2494
1127,-0.23,17.230,2494
1128,-0.23,17.235,2494
1129,-0.23,17.235,2494
1130,-0.23,17.240,2494
1131,-0.23,17.240,2494
1132,-0.23,17.245,2494
1133,-0.24,17.245,2494
1134,-0.26,17.250,2494
1135,-0.24,17.250,2494
1136,-0.25,17.255,2494
1137,-0.24,17.255,2494
1138,-0.23,17.260,2494
1139,-0.24,17.260,2494
1140,-0.23,17.265,2494
1141,-0.24,17.265,2494
1142,-0.23,17.270,2494
1143,-0.24,17.270,2494
1144,-0.22,17.275,2494
1145,-0.24,17.275,2494
1146,-0.23,17.280,2494
1147,-0.24,17.280,2494
1148,-0.23,17.285,2494
1149,-0.24,17.285,2494
1150,-0.23,17.290,2494
1151,-0.24,17.290,2494
1152,-0.23,17.295,2494
1153,-0.24,17.295,2494
1154,-0.22,17.300,2494
1155,-0.24,17.300,2494
1156,-0.23,17.305,2494
1157,-0.24,17.305,2494
1158,-0.23,17.310,2494
1159,-0.25,17.310,2494
1160,-0.23,17.315,2494
1161,-0.25,17.315,2494
1162,-0.22,17.320,2494
1163,-0.24,17.320,2494
1164,-0.27,17.325,2494
1165,-0.29,17.325,2494
1166,-0.23,17.330,2494
1167,-0.25,17.330,2494
1168,-0.24,17.335,2494
1169,-0.25,17.335,2494
1170,-0.22,17.340,2494
1171,-0.25,17.340,2494
1172,-0.25,17.345,2494
1173,-0.25,17.345,2494
1174,-0.23,17.350,2494
1175,-0.26,17.350,2494
1176,-0.23,17.355,2494
1177,-0.25,17.355,2494
1178,-0.22,17.360,2494
1179,-0.25,17.360,2494
1180,-0.24,17.365,2494
1181,-0.26,17.365,2494
1182,-0.22,17.370,2494
1183,-0.26,17.370,2494
1184,-0.25,17.375,2494
1185,-0.26,17.375,2494
1186,-0.22,17.380,2494
1187,-0.25,17.380,2494
1188,-0.23,17.385,2494
1189,-0.26,17.385,2494
1190,-0.22,17.390,2494
1191,-0.27,17.390,2494
1192,-0.24,17.395,2494
1193,-0.27,17.395,2494
1194,-0.21,17.400,2494
1195,-0.26,17.400,2494
1196,-0.23,17.405,2494
1197,-0.25,17.405,2494
1198,-0.24,17.410,2494
1199,-0.27,17.410,2494
1200,-0.24,17.415,2494
1201,-0.27,17.415,2494
1202,-0.21,17.421,2494
1203,-0.26,17.420,2494
1204,-0.23,17.425,2494
1205,-0.26,17.425,2494
1206,-0.25,17.430,2494
1207,-0.30,17.430,2494
1208,-0.25,17.435,2494
1209,-0.27,17.435,2494
1210,-0.21,17.441,2494
1211,-0.25,17.440,2494
1212,-0.25,17.445,2494
1213,-0.27,17.445,2494
1214,-0.22,17.450,2494
1215,-0.26,17.450,2494
1216,-0.23,17.455,2494
1217,-0.27,17.455,2494
1218,-0.21,17.461,2494
1219,-0.26,17.460,2494
1220,-0.22,17.465,2494
1221,-0.26,17.465,2494
1222,-0.21,17.470,2494
1223,-0.27,17.470,2494
1224,-0.23,17.475,2494
1225,-0.27,17.475,2494
1226,-0.21,17.481,2494
1227,-0.26,17.480,2494
1228,-0.24,17.485,2494
1229,-0.26,17.485,2494
1230,-0.21,17.490,2494
1231,-0.27,17.490,2494
1232,-0.23,17.495,2494
1233,-0.27,17.495,2494
1234,-0.20,17.501,2494
1235,-0.26,17.500,2494
1236,-0.23,17.505,2494
1237,-0.26,17.505,2494
1238,-0.21,17.510,2494
1239,-0.27,17.510,2494
1240,-0.22,17.515,2494
1241,-0.28,17.515,2494
1242,-0.20,17.521,2494
1243,-0.26,17.520,2494
1244,-0.24,17.525,2494
1245,-0.27,17.525,2494
1246,-0.21,17.531,2494
1247,-0.27,17.530,2494
1248,-0.18,17.536,2494
1249,-0.24,17.535,2494
1250,-0.17,17.541,2494
1251,-0.23,17.540,2494
1252,-0.18,17.546,2494
1253,-0.23,17.545,2494
1254,-0.17,17.550,2494
1255,-0.24,17.550,2494
1256,-0.18,17.555,2494
1257,-0.24,17.555,2494
1258,-0.17,17.561,2494
1259,-0.24,17.560,2494
1260,-0.17,17.566,2494
1261,-0.23,17.565,2494
1262,-0.17,17.571,2494
1263,-0.24,17.570,2494
1273,-0.25,17.595,2494
1274,-0.17,17.601,2494
1275,-0.24,17.600,2494
1276,-0.17,17.605,2494
1277,-0.24,17.605,2494
1278,-0.16,17.611,2494
1279,-0.24,17.610,2494
1280,-0.17,17.616,2494
1281,-0.25,17.615,2494
1282,-0.16,17.621,2494
1283,-0.24,17.620,2494
1284,-0.17,17.626,2494
1285,-0.23,17.625,2494
1286,-0.16,17.630,2494
1287,-0.25,17.630,2494
1288,-0.16,17.635,2494
1289,-0.26,17.635,2494
1290,-0.16,17.641,2494
1291,-0.25,17.640,2494
1292,-0.17,17.645,2494
1293,-0.24,17.645,2494
1294,-0.16,17.650,2494
1295,-0.24,17.650,2494
1296,-0.16,17.655,2495
1297,-0.25,17.655,2495
1298,-0.15,17.661,2495
1299,-0.24,17.660,2495
1300,-0.17,17.666,2495
1301,-0.24,17.665,2495
1345,-0.13,17.775,2495
1346,0.00,17.780,2495
1347,-0.12,17.780,2495
1348,-0.02,17.785,2495
1349,-0.12,17.785,2495
1350,0.00,17.790,2495
1351,-0.12,17.790,2495
1352,-0.01,17.795,2495
1353,-0.13,17.795,2495
1354,0.00,17.801,2495
1355,-0.12,17.801,2495
1356,-0.02,17.806,2495
1357,-0.11,17.806,2495
1358,0.00,17.810,2495
1359,-0.12,17.810,2495
1360,-0.01,17.815,2495
1361,-0.12,17.815,2495
1362,0.01,17.820,2495
1363,-0.13,17.820,2495
1364,-0.02,17.825,2495
1365,-0.12,17.825,2495
1366,0.00,17.830,2495
1367,-0.12,17.830,2495
1368,-0.01,17.835,2495
1369,-0.12,17.835,2495
1370,0.00,17.840,2495
1371,-0.14,17.840,2495
1372,-0.02,17.846,2495
1373,-0.12,17.846,2495
1417,-0.12,17.955,2495
1418,0.01,17.960,2495
1419,-0.13,17.960,2495
1420,-0.01,17.965,2495
1421,-0.12,17.965,2495
1422,0.01,17.970,2495
1423,-0.11,17.970,2495
1424,0.00,17.975,2495
1425,-0.11,17.975,2495
1426,0.02,17.980,2495
1427,-0.13,17.980,2495
1428,-0.01,17.985,2495
1429,-0.11,17.985,2495
1430,0.01,17.990,2495
1431,-0.12,17.990,2495
1432,0.00,17.995,2495
1433,-0.11,17.995,2495
1434,0.02,18.000,2495
1435,-0.12,18.000,2495
1436,0.02,18.005,2495
1437,-0.06,18.005,2495
1438,0.06,18.009,2495
1439,-0.06,18.009,2495
1440,0.06,18.014,2495
1441,-0.07,18.014,2495
1442,0.07,18.020,2495
1443,-0.07,18.020,2495
1444,0.04,18.024,2495
1445,-0.07,18.024,2495
1490,0.08,18.140,2495
1491,-0.06,18.140,2495
1492,0.05,18.144,2495
1493,-0.05,18.144,2495
1494,0.06,18.149,2495
1495,-0.05,18.149,2495
1496,0.06,18.154,2496
1497,-0.05,18.154,2496
1498,0.08,18.159,2496
1499,-0.06,18.159,2496
1500,0.05,18.164,2496
1501,-0.05,18.164,2496
1502,0.06,18.169,2496
1503,-0.06,18.169,2496
1504,0.06,18.174,2496
1505,-0.05,18.174,2496
1506,0.08,18.179,2496
1507,-0.05,18.179,2496
1508,0.05,18.185,2496
1509,-0.05,18.185,2496
1510,0.05,18.189,2496
1511,-0.05,18.189,2496
1512,0.05,18.194,2496
1513,-0.05,18.194,2496
1514,0.07,18.199,2496
1515,-0.05,18.199,2496
1516,0.05,18.204,2496
1517,-0.05,18.204,2496
1518,0.06,18.209,2496
1562,0.07,18.319,2496
1563,-0.04,18.319,2496
1564,0.05,18.325,2496
1565,-0.04,18.325,2496
1566,0.05,18.329,2496
1567,-0.04,18.329,2496
1568,0.04,18.334,2496
1569,-0.04,18.334,2496
1570,0.07,18.339,2496
1571,-0.03,18.339,2496
1572,0.06,18.344,2496
1573,-0.04,18.344,2496
1574,0.05,18.349,2496
1575,-0.04,18.349,2496
1576,0.04,18.354,2496
1577,-0.03,18.354,2496
1578,0.07,18.359,2496
1579,-0.03,18.359,2496
1580,0.06,18.364,2496
1581,-0.03,18.364,2496
1582,0.05,18.370,2496
1583,-0.03,18.370,2496
1584,0.04,18.374,2496
1585,-0.04,18.374,2496
1586,0.07,18.379,2496
1587,-0.03,18.379,2496
1588,0.05,18.384,2496
1589,-0.03,18.384,2496
1590,0.05,18.389,2496
1634,0.05,18.499,2496
1635,-0.02,18.499,2496
1636,0.05,18.504,2496
1637,-0.02,18.504,2496
1638,0.05,18.510,2496
1639,-0.02,18.510,2496
1640,0.04,18.514,2496
1641,-0.02,18.514,2496
1642,0.05,18.519,2496
1643,-0.01,18.519,2496
1644,0.05,18.524,2496
1645,-0.02,18.524,2496
1646,0.05,18.529,2496
1647,-0.01,18.529,2496
1648,0.03,18.534,2496
1649,-0.02,18.534,2496
1650,0.05,18.539,2496
1651,-0.01,18.539,2496
1652,0.05,18.544,2496
1653,-0.02,18.544,2496
1654,0.05,18.549,2496
1655,-0.01,18.549,2496
1656,0.03,18.555,2496
1657,-0.02,18.555,2496
1658,0.05,18.560,2496
1659,-0.02,18.560,2496
1660,0.05,18.564,2496
1661,-0.01,18.564,2496
1706,0.03,18.679,2497
1707,0.01,18.679,2497
1708,0.03,18.684,2497
1709,0.00,18.684,2497
1710,0.03,18.684,2497
1711,0.01,18.689,2497
1712,0.02,18.689,2497
1713,0.01,18.694,2497
1714,0.03,18.700,2497
1715,0.01,18.700,2497
1716,0.03,18.704,2497
1717,-0.01,18.704,2497
1718,0.02,18.709,2497
1719,0.02,18.709,2497
1720,0.02,18.714,2497
1721,0.01,18.714,2497
1722,0.02,18.719,2497
1723,0.01,18.719,2497
1724,0.03,18.724,2497
1725,0.00,18.724,2497
1726,0.03,18.729,2497
1727,0.02,18.729,2497
1728,0.01,18.734,2497
1729,0.01,18.734,2497
1730,0.03,18.734,2497
1731,0.01,18.739,2497
1732,0.02,18.739,2497
1733,0.00,18.744,2497
1734,0.02,18.744,2497
1778,0.01,18.859,2497
1779,0.03,18.859,2497
1780,0.01,18.864,2497
1781,0.01,18.864,2497
1782,0.01,18.869,2497
1783,0.03,18.869,2497
1784,0.00,18.874,2497
1785,0.03,18.874,2497
1786,0.01,18.874,2497
1787,0.03,18.879,2497
1788,0.00,18.879,2497
1789,0.01,18.884,2497
1790,0.01,18.884,2497
1791,0.03,18.889,2497
1792,0.00,18.889,2497
1793,0.04,18.894,2497
1794,0.01,18.894,2497
1795,0.04,18.899,2497
1796,0.00,18.904,2497
1797,0.01,18.904,2497
1798,0.00,18.909,2497
1799,0.04,18.909,2497
1800,0.00,18.914,2497
1801,0.04,18.914,2497
1802,0.00,18.919,2497
1803,0.04,18.919,2497
1804,0.00,18.919,2497
1805,0.02,18.924,2497
1806,-0.01,18.924,2497
1850,-0.01,19.034,2497
1851,0.06,19.039,2497
1852,-0.01,19.039,2497
1853,0.03,19.044,2497
1854,-0.01,19.044,2497
1855,0.05,19.049,2497
1856,-0.02,19.049,2497
1857,0.05,19.054,2497
1858,-0.01,19.054,2497
1859,0.05,19.059,2497
1860,-0.01,19.059,2497
1861,0.03,19.064,2497
1862,-0.02,19.064,2497
1863,0.04,19.069,2497
1864,-0.03,19.069,2497
1865,0.04,19.074,2497
1866,-0.01,19.074,2497
1867,0.06,19.079,2497
1868,-0.01,19.079,2497
1869,0.03,19.084,2497
1870,-0.02,19.084,2497
1871,0.04,19.089,2497
1872,-0.03,19.089,2497
1873,0.04,19.094,2497
1874,-0.03,19.094,2497
1875,0.06,19.099,2497
1876,-0.02,19.099,2497
1877,0.03,19.104,2497
1878,-0.02,19.104,2497
1922,-0.04,19.214,2498
1923,0.07,19.219,2498
1924,-0.03,19.219,2498
1925,0.05,19.224,2498
1926,-0.04,19.224,2498
1927,0.06,19.229,2498
1928,-0.04,19.229,2498
1929,0.05,19.234,2498
1930,-0.04,19.234,2498
1931,0.07,19.239,2498
1932,-0.03,19.239,2498
1933,0.05,19.244,2498
1934,-0.04,19.244,2498
1935,0.06,19.249,2498
1936,-0.05,19.249,2498
1937,0.05,19.254,2498
1938,-0.04,19.254,2498
1939,0.07,19.259,2498
1940,-0.03,19.259,2498
1941,0.05,19.264,2498
1942,-0.04,19.264,2498
1943,0.06,19.269,2498
1944,-0.05,19.269,2498
1945,0.05,19.274,2498
1946,-0.05,19.274,2498
1947,0.07,19.279,2498
1948,-0.04,19.279,2498
1949,0.05,19.284,2498
1950,-0.04,19.284,2498
1994,-0.06,19.394,2498
1995,0.07,19.399,2498
1996,-0.05,19.399,2498
1997,0.05,19.404,2498
1998,-0.04,19.404,2498
1999,0.06,19.409,2498
2000,-0.06,19.409,2498
2001,0.05,19.414,2498
2002,-0.06,19.414,2498
2003,0.07,19.419,2498
2004,-0.05,19.419,2498
2005,0.06,19.424,2498
2006,-0.05,19.424,2498
2007,0.06,19.429,2498
2008,-0.06,19.429,2498
2009,0.05,19.434,2498
2010,-0.06,19.434,2498
2011,0.07,19.439,2498
2012,-0.05,19.439,2498
2013,0.06,19.444,2498
2014,-0.05,19.444,2498
2015,0.06,19.449,2498
2016,-0.06,19.449,2498
2017,0.05,19.454,2498
2018,-0.07,19.454,2498
2019,0.07,19.459,2498
2020,-0.05,19.459,2498
2021,0.06,19.464,2498
2022,-0.05,19.464,2498
2066,-0.07,19.574,2498
2067,0.06,19.579,2498
2068,-0.06,19.579,2498
2069,0.05,19.584,2498
2070,-0.06,19.584,2498
2071,0.06,19.589,2498
2072,-0.06,19.589,2498
2073,0.05,19.594,2498
2074,-0.07,19.594,2498
2075,0.06,19.599,2498
2076,-0.07,19.599,2498
2077,0.05,19.604,2498
2078,-0.05,19.604,2498
2079,0.05,19.609,2498
2080,-0.06,19.609,2498
2081,0.05,19.614,2498
2082,-0.07,19.614,2498
2083,0.06,19.619,2498
2084,-0.07,19.619,2498
2085,0.05,19.624,2498
2086,-0.06,19.624,2498
2087,0.06,19.629,2498
2088,-0.06,19.629,2498
2089,0.04,19.634,2498
2090,-0.08,19.634,2498
2091,0.06,19.639,2498
2092,-0.08,19.639,2498
2093,0.05,19.644,2498
2094,-0.06,19.644,2498
2095,0.06,19.649,2498
2096,-0.06,19.649,2499
2097,0.05,19.654,2499
2098,-0.07,19.654,2499
2099,0.06,19.659,2499
2100,-0.07,19.659,2499
2101,0.05,19.664,2499
2102,-0.06,19.664,2499
2155,0.05,19.799,2499
2156,-0.07,19.799,2499
2157,0.04,19.804,2499
2158,-0.06,19.804,2499
2159,0.05,19.809,2499
2160,-0.06,19.809,2499
2161,0.04,19.814,2499
2162,-0.07,19.814,2499
2163,0.05,19.819,2499
2164,-0.08,19.819,2499
2165,0.04,19.824,2499
2166,-0.06,19.824,2499
2167,0.04,19.829,2499
2168,-0.06,19.829,2499
2169,0.04,19.834,2499
2170,-0.06,19.834,2499
2171,0.05,19.839,2499
2172,-0.07,19.839,2499
2173,0.04,19.844,2499
2174,-0.07,19.844,2499
2175,0.04,19.849,2499
2176,-0.06,19.849,2499
2177,0.04,19.854,2499
2178,-0.06,19.854,2499
2179,0.05,19.859,2499
2180,-0.07,19.859,2499
2181,0.04,19.864,2499
2182,-0.06,19.864,2499
2228,-0.06,19.979,2499
2229,0.03,19.984,2499
2230,-0.06,19.984,2499
2231,0.01,19.989,2499
2232,-0.06,19.989,2499
2233,0.02,19.993,2499
2234,-0.06,19.993,2499
2235,0.03,19.999,2499
2236,-0.06,19.999,2499
