Data stamp = , 02-04-2022 22:08:28 925

Calibration Values: 
Slope = , 26.54 , g/V 
Offset Voltage at no contact = , -0.501760 , V 

No , Time , Stage Position ,   Mass , Force 
   ,  (s) ,      (mm)      ,   (g)  , (mN)  

1 ,0.0000 ,0.64946 ,5.00421 ,49.10132 
2 ,0.2130 ,0.64953 ,5.00763 ,49.13490 
3 ,0.5652 ,0.65049 ,4.98368 ,48.89985 
4 ,0.7412 ,0.65196 ,4.98026 ,48.86627 
5 ,0.9173 ,0.65347 ,5.00079 ,49.06774 
6 ,1.0935 ,0.65516 ,4.99737 ,49.03416 
7 ,1.2695 ,0.65683 ,4.99394 ,49.00058 
8 ,1.4457 ,0.65865 ,4.99394 ,49.00058 
9 ,1.6378 ,0.66058 ,4.99737 ,49.03416 
10 ,1.8138 ,0.66237 ,4.99052 ,48.96701 
11 ,1.9900 ,0.66412 ,4.96999 ,48.76554 
12 ,2.1980 ,0.66618 ,4.95972 ,48.66480 
13 ,2.3742 ,0.66800 ,4.95288 ,48.59764 
14 ,2.5662 ,0.66989 ,4.92550 ,48.32902 
15 ,2.7422 ,0.67167 ,4.91181 ,48.19471 
16 ,2.9183 ,0.67342 ,4.91181 ,48.19471 
17 ,3.0945 ,0.67517 ,4.90497 ,48.12755 
18 ,3.2706 ,0.67696 ,4.86390 ,47.72461 
19 ,3.4627 ,0.67880 ,4.85364 ,47.62387 
20 ,3.6546 ,0.68081 ,4.84337 ,47.52314 
21 ,3.8467 ,0.68270 ,4.81257 ,47.22093 
22 ,4.0227 ,0.68441 ,4.82284 ,47.32167 
23 ,4.2151 ,0.68628 ,4.78861 ,46.98589 
24 ,4.3911 ,0.68811 ,4.77835 ,46.88515 
25 ,4.5834 ,0.69002 ,4.75782 ,46.68368 
26 ,4.7591 ,0.69184 ,4.74755 ,46.58295 
27 ,4.9513 ,0.69362 ,4.73044 ,46.41506 
28 ,5.1274 ,0.69553 ,4.70648 ,46.18001 
29 ,5.3195 ,0.69737 ,4.69622 ,46.07927 
30 ,5.4955 ,0.69915 ,4.67911 ,45.91138 
31 ,5.6878 ,0.70100 ,4.64831 ,45.60918 
32 ,5.8636 ,0.70288 ,4.62093 ,45.34055 
33 ,6.0399 ,0.70466 ,4.60724 ,45.20624 
34 ,6.2320 ,0.70654 ,4.59697 ,45.10550 
35 ,6.4241 ,0.70847 ,4.56960 ,44.83688 
36 ,6.6160 ,0.71030 ,4.56960 ,44.83688 
37 ,6.7760 ,0.71209 ,4.53537 ,44.50109 
38 ,6.9523 ,0.71374 ,4.53195 ,44.46751 
39 ,7.1444 ,0.71563 ,4.49773 ,44.13173 
40 ,7.3042 ,0.71738 ,4.49773 ,44.13173 
41 ,7.4804 ,0.71903 ,4.48404 ,43.99742 
42 ,7.6566 ,0.72082 ,4.45324 ,43.69521 
43 ,7.8484 ,0.72270 ,4.41902 ,43.35943 
44 ,8.0567 ,0.72465 ,4.42586 ,43.42659 
45 ,8.2486 ,0.72662 ,4.38822 ,43.05723 
46 ,8.4406 ,0.72859 ,4.38480 ,43.02365 
47 ,8.6167 ,0.73035 ,4.37111 ,42.88933 
48 ,8.7929 ,0.73209 ,4.34031 ,42.58713 
49 ,8.9693 ,0.73389 ,4.32320 ,42.41924 
50 ,9.1612 ,0.73585 ,4.32320 ,42.41924 
51 ,9.3530 ,0.73774 ,4.29924 ,42.18419 
52 ,9.5293 ,0.73952 ,4.28213 ,42.01630 
53 ,9.6892 ,0.74123 ,4.24791 ,41.68051 
54 ,9.8655 ,0.74283 ,4.24791 ,41.68051 
55 ,10.0415 ,0.74465 ,4.23422 ,41.54620 
56 ,10.2175 ,0.74637 ,4.23080 ,41.51262 
57 ,10.3936 ,0.74811 ,4.21027 ,41.31115 
58 ,10.5696 ,0.74991 ,4.18289 ,41.04253 
59 ,10.7297 ,0.75162 ,4.16578 ,40.87464 
60 ,10.9217 ,0.75331 ,4.15209 ,40.74032 
61 ,11.0979 ,0.75519 ,4.13840 ,40.60601 
62 ,11.2739 ,0.75692 ,4.11445 ,40.37096 
63 ,11.4500 ,0.75870 ,4.09049 ,40.13591 
64 ,11.6261 ,0.76048 ,4.06654 ,39.90087 
65 ,11.8178 ,0.76236 ,4.05627 ,39.80013 
66 ,11.9944 ,0.76415 ,4.02889 ,39.53150 
67 ,12.1863 ,0.76605 ,4.03232 ,39.56508 
68 ,12.3779 ,0.76797 ,4.01520 ,39.39719 
69 ,12.5545 ,0.76975 ,3.99467 ,39.19572 
70 ,12.7305 ,0.77153 ,3.95703 ,38.82636 
71 ,12.9067 ,0.77326 ,3.93992 ,38.65847 
72 ,13.0827 ,0.77504 ,3.94676 ,38.72562 
73 ,13.2587 ,0.77683 ,3.92623 ,38.52415 
74 ,13.4509 ,0.77867 ,3.88858 ,38.15479 
75 ,13.6267 ,0.78048 ,3.88174 ,38.08764 
76 ,13.8187 ,0.78230 ,3.87832 ,38.05406 
77 ,13.9950 ,0.78417 ,3.86463 ,37.91975 
78 ,14.1870 ,0.78600 ,3.84067 ,37.68470 
79 ,14.3632 ,0.78779 ,3.82014 ,37.48323 
80 ,14.5393 ,0.78953 ,3.79276 ,37.21460 
81 ,14.7153 ,0.79131 ,3.77908 ,37.08029 
82 ,14.8910 ,0.79310 ,3.75854 ,36.87882 
83 ,15.0677 ,0.79491 ,3.74143 ,36.71093 
84 ,15.2916 ,0.79692 ,3.70721 ,36.37514 
85 ,15.4677 ,0.79890 ,3.70721 ,36.37514 
86 ,15.6438 ,0.80062 ,3.70721 ,36.37514 
87 ,15.8198 ,0.80237 ,3.69694 ,36.27441 
88 ,16.0116 ,0.80431 ,3.65246 ,35.83789 
89 ,16.1878 ,0.80609 ,3.63192 ,35.63642 
90 ,16.3475 ,0.80778 ,3.63534 ,35.67000 
91 ,16.5237 ,0.80940 ,3.60112 ,35.33422 
92 ,16.6997 ,0.81116 ,3.59428 ,35.26706 
93 ,16.8758 ,0.81298 ,3.58059 ,35.13275 
94 ,17.0518 ,0.81473 ,3.55321 ,34.86412 
95 ,17.2278 ,0.81652 ,3.53952 ,34.72981 
96 ,17.4044 ,0.81823 ,3.53268 ,34.66265 
97 ,17.6120 ,0.82025 ,3.50530 ,34.39402 
98 ,17.8046 ,0.82211 ,3.48135 ,34.15898 
99 ,17.9966 ,0.82415 ,3.47108 ,34.05824 
100 ,18.1722 ,0.82587 ,3.46081 ,33.95751 
101 ,18.3488 ,0.82770 ,3.43001 ,33.65530 
102 ,18.5408 ,0.82960 ,3.42659 ,33.62172 
103 ,18.7169 ,0.83133 ,3.41633 ,33.52099 
104 ,18.9090 ,0.83312 ,3.37526 ,33.11805 
105 ,19.0850 ,0.83500 ,3.37526 ,33.11805 
106 ,19.2768 ,0.83693 ,3.34104 ,32.78227 
107 ,19.4694 ,0.83882 ,3.33419 ,32.71511 
108 ,19.6614 ,0.84082 ,3.32051 ,32.58080 
109 ,19.8693 ,0.84276 ,3.29655 ,32.34575 
110 ,20.0455 ,0.84461 ,3.27602 ,32.14428 
111 ,20.2212 ,0.84639 ,3.26575 ,32.04354 
112 ,20.3975 ,0.84809 ,3.23837 ,31.77492 
113 ,20.5734 ,0.84987 ,3.22126 ,31.60702 
114 ,20.7496 ,0.85164 ,3.20415 ,31.43913 
115 ,20.9413 ,0.85353 ,3.19388 ,31.33840 
116 ,21.1179 ,0.85529 ,3.17677 ,31.17051 
117 ,21.2940 ,0.85714 ,3.15282 ,30.93546 
118 ,21.4860 ,0.85900 ,3.14940 ,30.90188 
119 ,21.6622 ,0.86079 ,3.13571 ,30.76757 
120 ,21.8382 ,0.86255 ,3.11860 ,30.59968 
121 ,22.0143 ,0.86433 ,3.09122 ,30.33105 
122 ,22.2064 ,0.86624 ,3.08438 ,30.26389 
123 ,22.3823 ,0.86799 ,3.06384 ,30.06242 
124 ,22.5745 ,0.86984 ,3.03304 ,29.76022 
125 ,22.7506 ,0.87168 ,3.01935 ,29.62590 
126 ,22.9424 ,0.87356 ,3.03304 ,29.76022 
127 ,23.1188 ,0.87536 ,2.99198 ,29.35728 
128 ,23.2944 ,0.87708 ,2.96802 ,29.12223 
129 ,23.4706 ,0.87885 ,2.96118 ,29.05507 
130 ,23.6469 ,0.88064 ,2.95091 ,28.95434 
131 ,23.8229 ,0.88235 ,2.93722 ,28.82003 
132 ,23.9990 ,0.88414 ,2.92696 ,28.71929 
133 ,24.1749 ,0.88589 ,2.88931 ,28.34993 
134 ,24.3513 ,0.88770 ,2.87905 ,28.24919 
135 ,24.5269 ,0.88946 ,2.87562 ,28.21562 
136 ,24.7194 ,0.89122 ,2.86536 ,28.11488 
137 ,24.9114 ,0.89322 ,2.83114 ,27.77910 
138 ,25.0875 ,0.89500 ,2.83114 ,27.77910 
139 ,25.2635 ,0.89678 ,2.81745 ,27.64479 
140 ,25.4397 ,0.89858 ,2.79007 ,27.37616 
141 ,25.6155 ,0.90030 ,2.77296 ,27.20827 
142 ,25.7919 ,0.90208 ,2.75243 ,27.00680 
143 ,25.9838 ,0.90398 ,2.74900 ,26.97322 
144 ,26.1600 ,0.90577 ,2.73189 ,26.80533 
145 ,26.3359 ,0.90749 ,2.69767 ,26.46954 
146 ,26.5121 ,0.90922 ,2.69083 ,26.40239 
147 ,26.6878 ,0.91113 ,2.68398 ,26.33523 
148 ,26.8640 ,0.91281 ,2.67029 ,26.20092 
149 ,27.0400 ,0.91451 ,2.65660 ,26.06661 
150 ,27.2164 ,0.91634 ,2.61896 ,25.69724 
151 ,27.3923 ,0.91806 ,2.61554 ,25.66367 
152 ,27.5684 ,0.91981 ,2.60527 ,25.56293 
153 ,27.7443 ,0.92157 ,2.59158 ,25.42862 
154 ,27.9205 ,0.92335 ,2.57789 ,25.29430 
155 ,28.1125 ,0.92526 ,2.54367 ,24.95852 
156 ,28.2887 ,0.92703 ,2.54367 ,24.95852 
157 ,28.4808 ,0.92890 ,2.51287 ,24.65632 
158 ,28.6571 ,0.93065 ,2.50261 ,24.55558 
159 ,28.8327 ,0.93246 ,2.47865 ,24.32053 
160 ,29.0091 ,0.93424 ,2.48207 ,24.35411 
161 ,29.1849 ,0.93595 ,2.47523 ,24.28696 
162 ,29.3612 ,0.93775 ,2.45127 ,24.05191 
163 ,29.5373 ,0.93945 ,2.42048 ,23.74970 
164 ,29.7294 ,0.94144 ,2.42390 ,23.78328 
165 ,29.8894 ,0.94314 ,2.39994 ,23.54823 
166 ,30.0657 ,0.94476 ,2.38283 ,23.38034 
167 ,30.2415 ,0.94657 ,2.37941 ,23.34676 
168 ,30.4336 ,0.94846 ,2.35203 ,23.07814 
169 ,30.6096 ,0.95021 ,2.33834 ,22.94382 
170 ,30.7856 ,0.95194 ,2.32808 ,22.84309 
171 ,30.9616 ,0.95371 ,2.32123 ,22.77593 
172 ,31.1216 ,0.95543 ,2.28701 ,22.44015 
173 ,31.2820 ,0.95706 ,2.27332 ,22.30584 
174 ,31.4580 ,0.95869 ,2.26990 ,22.27226 
175 ,31.6499 ,0.96050 ,2.25621 ,22.13794 
176 ,31.8261 ,0.96237 ,2.24937 ,22.07079 
177 ,32.0020 ,0.96413 ,2.24252 ,22.00363 
178 ,32.1785 ,0.96589 ,2.21515 ,21.73500 
179 ,32.3706 ,0.96785 ,2.19803 ,21.56711 
180 ,32.5465 ,0.96964 ,2.18777 ,21.46638 
181 ,32.7227 ,0.97133 ,2.17408 ,21.33206 
182 ,32.8986 ,0.97315 ,2.14328 ,21.02986 
183 ,33.0904 ,0.97499 ,2.15355 ,21.13059 
184 ,33.2668 ,0.97678 ,2.13986 ,20.99628 
185 ,33.4430 ,0.97850 ,2.10906 ,20.69408 
186 ,33.6350 ,0.98044 ,2.09879 ,20.59334 
187 ,33.8111 ,0.98219 ,2.09537 ,20.55976 
188 ,33.9872 ,0.98401 ,2.08168 ,20.42545 
189 ,34.1630 ,0.98577 ,2.06457 ,20.25756 
190 ,34.3393 ,0.98754 ,2.03035 ,19.92178 
191 ,34.5154 ,0.98927 ,2.00639 ,19.68673 
192 ,34.6914 ,0.99104 ,2.02350 ,19.85462 
193 ,34.8673 ,0.99277 ,1.99270 ,19.55241 
194 ,35.0437 ,0.99452 ,1.98586 ,19.48526 
195 ,35.2191 ,0.99627 ,1.96533 ,19.28379 
196 ,35.3958 ,0.99808 ,1.94822 ,19.11590 
197 ,35.5880 ,0.99997 ,1.94137 ,19.04874 
198 ,35.7638 ,1.00175 ,1.91399 ,18.78011 
199 ,35.9400 ,1.00351 ,1.90373 ,18.67938 
200 ,36.1162 ,1.00525 ,1.89004 ,18.54507 
201 ,36.2920 ,1.00705 ,1.89346 ,18.57864 
202 ,36.4685 ,1.00877 ,1.87977 ,18.44433 
203 ,36.6605 ,1.01065 ,1.84897 ,18.14213 
204 ,36.8363 ,1.01248 ,1.82844 ,17.94066 
205 ,37.0125 ,1.01424 ,1.83186 ,17.97423 
206 ,37.1884 ,1.01600 ,1.81475 ,17.80634 
207 ,37.3805 ,1.01791 ,1.79422 ,17.60487 
208 ,37.5565 ,1.01962 ,1.77026 ,17.36983 
209 ,37.7328 ,1.02143 ,1.75657 ,17.23551 
210 ,37.9087 ,1.02320 ,1.74973 ,17.16836 
211 ,38.0846 ,1.02492 ,1.73262 ,17.00046 
212 ,38.2764 ,1.02682 ,1.72578 ,16.93331 
213 ,38.4365 ,1.02860 ,1.72578 ,16.93331 
214 ,38.6128 ,1.03019 ,1.70866 ,16.76542 
215 ,38.8212 ,1.03230 ,1.67444 ,16.42963 
216 ,39.0132 ,1.03424 ,1.68471 ,16.53037 
217 ,39.1893 ,1.03597 ,1.66418 ,16.32890 
218 ,39.3815 ,1.03790 ,1.64022 ,16.09385 
219 ,39.5736 ,1.03982 ,1.63680 ,16.06027 
220 ,39.7655 ,1.04179 ,1.58547 ,15.55660 
221 ,39.9416 ,1.04345 ,1.58889 ,15.59018 
222 ,40.1177 ,1.04524 ,1.57862 ,15.48944 
223 ,40.2938 ,1.04699 ,1.57520 ,15.45586 
224 ,40.4697 ,1.04878 ,1.56151 ,15.32155 
225 ,40.6458 ,1.05056 ,1.54440 ,15.15366 
226 ,40.8541 ,1.05250 ,1.52387 ,14.95219 
227 ,41.0460 ,1.05454 ,1.51360 ,14.85145 
228 ,41.2383 ,1.05649 ,1.47938 ,14.51567 
229 ,41.4142 ,1.05829 ,1.48965 ,14.61640 
230 ,41.6063 ,1.06014 ,1.46911 ,14.41493 
231 ,41.7823 ,1.06192 ,1.45200 ,14.24704 
232 ,41.9589 ,1.06367 ,1.44516 ,14.17989 
233 ,42.1345 ,1.06547 ,1.44174 ,14.14631 
234 ,42.3107 ,1.06721 ,1.42462 ,13.97842 
235 ,42.5028 ,1.06912 ,1.39725 ,13.70979 
236 ,42.6788 ,1.07088 ,1.38014 ,13.54190 
237 ,42.8546 ,1.07262 ,1.38014 ,13.54190 
238 ,43.0310 ,1.07438 ,1.36987 ,13.44116 
239 ,43.2230 ,1.07630 ,1.33565 ,13.10538 
240 ,43.3991 ,1.07804 ,1.33565 ,13.10538 
241 ,43.5752 ,1.07983 ,1.32880 ,13.03822 
242 ,43.7508 ,1.08159 ,1.31854 ,12.93749 
243 ,43.9594 ,1.08361 ,1.29458 ,12.70244 
244 ,44.1349 ,1.08544 ,1.28432 ,12.60171 
245 ,44.3114 ,1.08716 ,1.29458 ,12.70244 
246 ,44.5034 ,1.08910 ,1.25352 ,12.29950 
247 ,44.6795 ,1.09086 ,1.23983 ,12.16519 
248 ,44.8717 ,1.09277 ,1.23641 ,12.13161 
249 ,45.0639 ,1.09471 ,1.21245 ,11.89656 
250 ,45.2398 ,1.09643 ,1.19876 ,11.76225 
251 ,45.4158 ,1.09825 ,1.18850 ,11.66151 
252 ,45.5919 ,1.09994 ,1.18850 ,11.66151 
253 ,45.7677 ,1.10175 ,1.16796 ,11.46004 
254 ,45.9441 ,1.10354 ,1.15085 ,11.29215 
255 ,46.1361 ,1.10541 ,1.13374 ,11.12426 
256 ,46.3122 ,1.10714 ,1.13716 ,11.15784 
257 ,46.4884 ,1.10895 ,1.11663 ,10.95637 
258 ,46.6806 ,1.11088 ,1.09610 ,10.75490 
259 ,46.8722 ,1.11270 ,1.09952 ,10.78848 
260 ,47.0486 ,1.11452 ,1.06530 ,10.45270 
261 ,47.2565 ,1.11646 ,1.05845 ,10.38554 
262 ,47.4325 ,1.11837 ,1.05161 ,10.31838 
263 ,47.6248 ,1.12029 ,1.03792 ,10.18407 
264 ,47.8328 ,1.12235 ,1.04134 ,10.21765 
265 ,48.0090 ,1.12413 ,1.01396 ,9.94902 
266 ,48.1849 ,1.12590 ,0.98317 ,9.64682 
267 ,48.3609 ,1.12768 ,0.97974 ,9.61324 
268 ,48.5372 ,1.12939 ,0.98317 ,9.64682 
269 ,48.7132 ,1.13119 ,0.96605 ,9.47892 
270 ,48.9214 ,1.13316 ,0.94552 ,9.27745 
271 ,49.1134 ,1.13522 ,0.94894 ,9.31103 
272 ,49.3052 ,1.13707 ,0.91472 ,8.97525 
273 ,49.4816 ,1.13891 ,0.91130 ,8.94167 
274 ,49.6736 ,1.14079 ,0.90788 ,8.90809 
275 ,49.8497 ,1.14255 ,0.88734 ,8.70662 
276 ,50.0255 ,1.14431 ,0.87708 ,8.60589 
277 ,50.2179 ,1.14616 ,0.87023 ,8.53873 
278 ,50.4098 ,1.14807 ,0.84286 ,8.27011 
279 ,50.5861 ,1.14991 ,0.83601 ,8.20295 
280 ,50.7622 ,1.15169 ,0.82232 ,8.06864 
281 ,50.9382 ,1.15341 ,0.82575 ,8.10221 
282 ,51.1299 ,1.15523 ,0.82232 ,8.06864 
283 ,51.3063 ,1.15711 ,0.78810 ,7.73285 
284 ,51.4824 ,1.15889 ,0.77784 ,7.63212 
285 ,51.6584 ,1.16067 ,0.77099 ,7.56496 
286 ,51.8343 ,1.16237 ,0.76415 ,7.49780 
287 ,52.0425 ,1.16440 ,0.74361 ,7.29633 
288 ,52.2022 ,1.16616 ,0.74019 ,7.26276 
289 ,52.3786 ,1.16778 ,0.72308 ,7.09486 
290 ,52.5707 ,1.16969 ,0.70939 ,6.96055 
291 ,52.7469 ,1.17148 ,0.69228 ,6.79266 
292 ,52.9389 ,1.17341 ,0.69570 ,6.82624 
293 ,53.1151 ,1.17521 ,0.68544 ,6.72550 
294 ,53.3068 ,1.17718 ,0.66148 ,6.49046 
295 ,53.4833 ,1.17886 ,0.65806 ,6.45688 
296 ,53.6592 ,1.18062 ,0.63753 ,6.25541 
297 ,53.8513 ,1.18252 ,0.63068 ,6.18825 
298 ,54.0274 ,1.18429 ,0.59988 ,5.88605 
299 ,54.2035 ,1.18612 ,0.58619 ,5.75173 
300 ,54.3956 ,1.18795 ,0.59646 ,5.85247 
301 ,54.6196 ,1.19007 ,0.57251 ,5.61742 
302 ,54.7958 ,1.19199 ,0.56224 ,5.51668 
303 ,54.9877 ,1.19384 ,0.53828 ,5.28164 
304 ,55.1640 ,1.19569 ,0.51433 ,5.04659 
305 ,55.3396 ,1.19744 ,0.53144 ,5.21448 
306 ,55.5321 ,1.19922 ,0.52117 ,5.11375 
307 ,55.7078 ,1.20116 ,0.50406 ,4.94585 
308 ,55.8841 ,1.20285 ,0.47326 ,4.64365 
309 ,56.0601 ,1.20460 ,0.48353 ,4.74438 
310 ,56.2523 ,1.20656 ,0.45957 ,4.50934 
311 ,56.4281 ,1.20827 ,0.42877 ,4.20713 
312 ,56.6204 ,1.21009 ,0.42535 ,4.17355 
313 ,56.7963 ,1.21199 ,0.43220 ,4.24071 
314 ,56.9727 ,1.21371 ,0.41509 ,4.07282 
315 ,57.1487 ,1.21550 ,0.38771 ,3.80419 
316 ,57.3407 ,1.21744 ,0.39455 ,3.87135 
317 ,57.5168 ,1.21917 ,0.37744 ,3.70346 
318 ,57.7088 ,1.22118 ,0.36033 ,3.53557 
319 ,57.8849 ,1.22285 ,0.35006 ,3.43483 
320 ,58.0611 ,1.22462 ,0.35349 ,3.46841 
321 ,58.2371 ,1.22643 ,0.33638 ,3.30052 
322 ,58.4129 ,1.22815 ,0.32953 ,3.23336 
323 ,58.5893 ,1.22991 ,0.30558 ,2.99831 
324 ,58.7650 ,1.23166 ,0.29531 ,2.89758 
325 ,58.9414 ,1.23341 ,0.28847 ,2.83042 
326 ,59.1175 ,1.23523 ,0.28162 ,2.76326 
327 ,59.3095 ,1.23709 ,0.25424 ,2.49464 
328 ,59.4856 ,1.23885 ,0.24398 ,2.39390 
329 ,59.6776 ,1.24070 ,0.24740 ,2.42748 
330 ,59.8697 ,1.24267 ,0.20976 ,2.05812 
331 ,60.0458 ,1.24442 ,0.21660 ,2.12528 
332 ,60.2219 ,1.24625 ,0.21318 ,2.09170 
333 ,60.3980 ,1.24803 ,0.20291 ,1.99096 
334 ,60.5737 ,1.24983 ,0.15842 ,1.55445 
335 ,60.7503 ,1.25153 ,0.16527 ,1.62160 
336 ,60.9422 ,1.25343 ,0.15500 ,1.52087 
337 ,61.1182 ,1.25515 ,0.14816 ,1.45371 
338 ,61.2943 ,1.25695 ,0.13789 ,1.35298 
339 ,61.4706 ,1.25872 ,0.10709 ,1.05077 
340 ,61.6621 ,1.26061 ,0.11051 ,1.08435 
341 ,61.8386 ,1.26236 ,0.11736 ,1.15151 
342 ,62.0307 ,1.26428 ,0.07629 ,0.74857 
343 ,62.2068 ,1.26608 ,0.06602 ,0.64783 
344 ,62.3987 ,1.26797 ,0.07287 ,0.71499 
345 ,62.5909 ,1.26984 ,0.04891 ,0.47994 
346 ,62.7670 ,1.27173 ,0.05234 ,0.51352 
347 ,62.9430 ,1.27348 ,0.02496 ,0.24489 
348 ,63.1353 ,1.27523 ,0.01469 ,0.14416 
349 ,63.3273 ,1.27731 ,0.00785 ,0.07700 
350 ,63.5032 ,1.27902 ,-0.00926 ,-0.09089 
351 ,63.6955 ,1.28086 ,-0.01953 ,-0.19163 
352 ,63.8875 ,1.28282 ,-0.01953 ,-0.19163 
353 ,64.0795 ,1.28481 ,-0.04006 ,-0.39310 
354 ,64.2556 ,1.28651 ,-0.05375 ,-0.52741 
355 ,64.4317 ,1.28830 ,-0.06060 ,-0.59457 
356 ,64.6080 ,1.29013 ,-0.07428 ,-0.72888 
357 ,64.7835 ,1.29192 ,-0.08455 ,-0.82961 
358 ,64.9600 ,1.29361 ,-0.08797 ,-0.86319 
359 ,65.1520 ,1.29550 ,-0.10851 ,-1.06466 
360 ,65.3279 ,1.29722 ,-0.10508 ,-1.03108 
361 ,65.5042 ,1.29902 ,-0.11877 ,-1.16540 
362 ,65.7122 ,1.30103 ,-0.14615 ,-1.43402 
363 ,65.9042 ,1.30298 ,-0.14273 ,-1.40045 
364 ,66.0641 ,1.30473 ,-0.16326 ,-1.60191 
365 ,66.2404 ,1.30635 ,-0.16326 ,-1.60191 
366 ,66.4164 ,1.30813 ,-0.19748 ,-1.93770 
367 ,66.5926 ,1.30986 ,-0.18722 ,-1.83696 
368 ,66.7847 ,1.31173 ,-0.20433 ,-2.00485 
369 ,66.9447 ,1.31355 ,-0.20433 ,-2.00485 
370 ,67.1207 ,1.31514 ,-0.22144 ,-2.17275 
371 ,67.3125 ,1.31709 ,-0.23855 ,-2.34064 
372 ,67.4889 ,1.31884 ,-0.22144 ,-2.17275 
373 ,67.6649 ,1.32066 ,-0.23855 ,-2.34064 
374 ,67.8410 ,1.32235 ,-0.24881 ,-2.44137 
375 ,68.0170 ,1.32412 ,-0.26593 ,-2.60926 
376 ,68.2091 ,1.32603 ,-0.26250 ,-2.57569 
377 ,68.3692 ,1.32780 ,-0.27619 ,-2.71000 
378 ,68.5452 ,1.32939 ,-0.28988 ,-2.84431 
379 ,68.7213 ,1.33114 ,-0.30699 ,-3.01220 
380 ,68.8975 ,1.33291 ,-0.31384 ,-3.07936 
381 ,69.0896 ,1.33486 ,-0.30699 ,-3.01220 
382 ,69.2816 ,1.33681 ,-0.32068 ,-3.14652 
383 ,69.4576 ,1.33856 ,-0.34806 ,-3.41514 
384 ,69.6337 ,1.34027 ,-0.34806 ,-3.41514 
385 ,69.8097 ,1.34207 ,-0.34806 ,-3.41514 
386 ,70.0176 ,1.34411 ,-0.35490 ,-3.48230 
387 ,70.1940 ,1.34588 ,-0.38570 ,-3.78450 
388 ,70.3857 ,1.34777 ,-0.37201 ,-3.65019 
389 ,70.5625 ,1.34961 ,-0.37544 ,-3.68377 
390 ,70.7382 ,1.35139 ,-0.39939 ,-3.91882 
391 ,70.9144 ,1.35311 ,-0.41992 ,-4.12029 
392 ,71.0903 ,1.35490 ,-0.40966 ,-4.01955 
393 ,71.2668 ,1.35663 ,-0.41308 ,-4.05313 
394 ,71.4746 ,1.35868 ,-0.43703 ,-4.28818 
395 ,71.6506 ,1.36045 ,-0.43703 ,-4.28818 
396 ,71.8268 ,1.36223 ,-0.44046 ,-4.32176 
397 ,72.0187 ,1.36405 ,-0.46099 ,-4.52323 
398 ,72.1947 ,1.36589 ,-0.47126 ,-4.62396 
399 ,72.3710 ,1.36764 ,-0.46783 ,-4.59038 
400 ,72.5631 ,1.36959 ,-0.49863 ,-4.89259 
401 ,72.7392 ,1.37131 ,-0.50890 ,-4.99332 
402 ,72.9310 ,1.37327 ,-0.51232 ,-5.02690 
403 ,73.1074 ,1.37506 ,-0.50548 ,-4.95975 
404 ,73.2993 ,1.37691 ,-0.53628 ,-5.26195 
405 ,73.4754 ,1.37869 ,-0.52943 ,-5.19479 
406 ,73.6515 ,1.38042 ,-0.53285 ,-5.22837 
407 ,73.8434 ,1.38236 ,-0.56023 ,-5.49700 
408 ,74.0196 ,1.38414 ,-0.57734 ,-5.66489 
409 ,74.1957 ,1.38592 ,-0.56708 ,-5.56415 
410 ,74.3879 ,1.38781 ,-0.58077 ,-5.69847 
411 ,74.5957 ,1.38987 ,-0.58077 ,-5.69847 
412 ,74.7722 ,1.39167 ,-0.58761 ,-5.76562 
413 ,74.9481 ,1.39344 ,-0.60814 ,-5.96709 
414 ,75.1240 ,1.39517 ,-0.61156 ,-6.00067 
415 ,75.2999 ,1.39694 ,-0.63894 ,-6.26930 
416 ,75.4763 ,1.39870 ,-0.64236 ,-6.30288 
417 ,75.7002 ,1.40086 ,-0.64921 ,-6.37003 
418 ,75.8765 ,1.40269 ,-0.65263 ,-6.40361 
419 ,76.0687 ,1.40465 ,-0.64921 ,-6.37003 
420 ,76.2606 ,1.40656 ,-0.67659 ,-6.63866 
421 ,76.4366 ,1.40832 ,-0.68001 ,-6.67224 
422 ,76.6127 ,1.41008 ,-0.68001 ,-6.67224 
423 ,76.7888 ,1.41182 ,-0.69370 ,-6.80655 
424 ,76.9649 ,1.41357 ,-0.71765 ,-7.04160 
425 ,77.1410 ,1.41532 ,-0.72107 ,-7.07518 
426 ,77.3330 ,1.41720 ,-0.71423 ,-7.00802 
427 ,77.5089 ,1.41897 ,-0.72107 ,-7.07518 
428 ,77.6851 ,1.42081 ,-0.74503 ,-7.31023 
429 ,77.8772 ,1.42271 ,-0.73476 ,-7.20949 
430 ,78.0694 ,1.42453 ,-0.74161 ,-7.27665 
431 ,78.2453 ,1.42638 ,-0.77583 ,-7.61243 
432 ,78.4215 ,1.42816 ,-0.78952 ,-7.74674 
433 ,78.5975 ,1.42991 ,-0.78267 ,-7.67959 
434 ,78.7895 ,1.43179 ,-0.78952 ,-7.74674 
435 ,78.9817 ,1.43362 ,-0.81005 ,-7.94821 
436 ,79.1740 ,1.43563 ,-0.79636 ,-7.81390 
437 ,79.3495 ,1.43743 ,-0.80663 ,-7.91464 
438 ,79.5258 ,1.43919 ,-0.83058 ,-8.14968 
439 ,79.7340 ,1.44117 ,-0.81347 ,-7.98179 
440 ,79.9421 ,1.44332 ,-0.84769 ,-8.31758 
441 ,80.1179 ,1.44512 ,-0.85796 ,-8.41831 
442 ,80.3102 ,1.44700 ,-0.85454 ,-8.38473 
443 ,80.5024 ,1.44891 ,-0.85454 ,-8.38473 
444 ,80.6943 ,1.45082 ,-0.87165 ,-8.55262 
445 ,80.8703 ,1.45260 ,-0.87849 ,-8.61978 
446 ,81.0466 ,1.45438 ,-0.89560 ,-8.78767 
447 ,81.2226 ,1.45617 ,-0.90587 ,-8.88841 
448 ,81.4147 ,1.45795 ,-0.89560 ,-8.78767 
449 ,81.5743 ,1.45982 ,-0.91614 ,-8.98914 
450 ,81.7507 ,1.46137 ,-0.90929 ,-8.92198 
451 ,81.9268 ,1.46318 ,-0.92298 ,-9.05630 
452 ,82.1026 ,1.46493 ,-0.95378 ,-9.35850 
453 ,82.2790 ,1.46668 ,-0.94009 ,-9.22419 
454 ,82.4713 ,1.46860 ,-0.95720 ,-9.39208 
455 ,82.6631 ,1.47057 ,-0.96405 ,-9.45924 
456 ,82.8394 ,1.47234 ,-0.96747 ,-9.49282 
457 ,83.0313 ,1.47419 ,-0.98800 ,-9.69429 
458 ,83.2075 ,1.47602 ,-0.98116 ,-9.62713 
459 ,83.3995 ,1.47793 ,-0.98458 ,-9.66071 
460 ,83.5916 ,1.47984 ,-0.98458 ,-9.66071 
461 ,83.7673 ,1.48156 ,-1.01196 ,-9.92933 
462 ,83.9436 ,1.48333 ,-1.01538 ,-9.96291 
463 ,84.1355 ,1.48518 ,-1.01196 ,-9.92933 
464 ,84.3280 ,1.48720 ,-1.03934 ,-10.19796 
465 ,84.5201 ,1.48901 ,-1.02907 ,-10.09723 
466 ,84.7122 ,1.49099 ,-1.04276 ,-10.23154 
467 ,84.8882 ,1.49281 ,-1.05645 ,-10.36585 
468 ,85.0802 ,1.49472 ,-1.05302 ,-10.33227 
469 ,85.2560 ,1.49650 ,-1.06329 ,-10.43301 
470 ,85.4485 ,1.49834 ,-1.08382 ,-10.63448 
471 ,85.6243 ,1.50016 ,-1.07698 ,-10.56732 
472 ,85.8004 ,1.50189 ,-1.08382 ,-10.63448 
473 ,85.9765 ,1.50366 ,-1.08382 ,-10.63448 
474 ,86.1527 ,1.50542 ,-1.10436 ,-10.83595 
475 ,86.3609 ,1.50745 ,-1.11120 ,-10.90310 
476 ,86.5529 ,1.50937 ,-1.12489 ,-11.03742 
477 ,86.7289 ,1.51119 ,-1.13173 ,-11.10457 
478 ,86.9047 ,1.51293 ,-1.14200 ,-11.20531 
479 ,87.0812 ,1.51474 ,-1.13173 ,-11.10457 
480 ,87.2734 ,1.51660 ,-1.15911 ,-11.37320 
481 ,87.4489 ,1.51837 ,-1.16253 ,-11.40678 
482 ,87.6254 ,1.52014 ,-1.16253 ,-11.40678 
483 ,87.8014 ,1.52189 ,-1.16938 ,-11.47394 
484 ,87.9769 ,1.52371 ,-1.17280 ,-11.50751 
485 ,88.1536 ,1.52539 ,-1.17622 ,-11.54109 
486 ,88.3296 ,1.52718 ,-1.18649 ,-11.64183 
487 ,88.4895 ,1.52890 ,-1.18991 ,-11.67541 
488 ,88.6814 ,1.53067 ,-1.19676 ,-11.74256 
489 ,88.8578 ,1.53247 ,-1.18991 ,-11.67541 
490 ,89.0499 ,1.53440 ,-1.24124 ,-12.17908 
491 ,89.2258 ,1.53615 ,-1.22413 ,-12.01119 
492 ,89.4017 ,1.53788 ,-1.23098 ,-12.07834 
493 ,89.5782 ,1.53966 ,-1.24124 ,-12.17908 
494 ,89.7701 ,1.54157 ,-1.26520 ,-12.41413 
495 ,89.9463 ,1.54333 ,-1.26178 ,-12.38055 
496 ,90.1223 ,1.54508 ,-1.25151 ,-12.27981 
497 ,90.3144 ,1.54698 ,-1.27547 ,-12.51486 
498 ,90.5063 ,1.54894 ,-1.28231 ,-12.58202 
499 ,90.6827 ,1.55072 ,-1.27547 ,-12.51486 
500 ,90.8748 ,1.55257 ,-1.30626 ,-12.81707 
501 ,91.0664 ,1.55451 ,-1.30284 ,-12.78349 
502 ,91.2424 ,1.55632 ,-1.29942 ,-12.74991 
503 ,91.4349 ,1.55810 ,-1.30626 ,-12.81707 
504 ,91.6106 ,1.55999 ,-1.34049 ,-13.15285 
505 ,91.7871 ,1.56174 ,-1.31995 ,-12.95138 
506 ,91.9789 ,1.56362 ,-1.35075 ,-13.25359 
507 ,92.1549 ,1.56540 ,-1.34733 ,-13.22001 
508 ,92.3312 ,1.56719 ,-1.36102 ,-13.35432 
509 ,92.5234 ,1.56909 ,-1.35760 ,-13.32074 
510 ,92.6994 ,1.57091 ,-1.35417 ,-13.28716 
511 ,92.9075 ,1.57295 ,-1.36444 ,-13.38790 
512 ,93.0835 ,1.57469 ,-1.37129 ,-13.45506 
513 ,93.2597 ,1.57651 ,-1.38497 ,-13.58937 
514 ,93.4356 ,1.57820 ,-1.40551 ,-13.79084 
515 ,93.6117 ,1.57995 ,-1.40551 ,-13.79084 
516 ,93.7879 ,1.58175 ,-1.40209 ,-13.75726 
517 ,93.9640 ,1.58349 ,-1.40209 ,-13.75726 
518 ,94.1401 ,1.58531 ,-1.42262 ,-13.95873 
519 ,94.3481 ,1.58726 ,-1.43288 ,-14.05946 
520 ,94.5403 ,1.58929 ,-1.43973 ,-14.12662 
521 ,94.7323 ,1.59118 ,-1.44315 ,-14.16020 
522 ,94.9240 ,1.59305 ,-1.44315 ,-14.16020 
523 ,95.1160 ,1.59502 ,-1.46368 ,-14.36167 
524 ,95.2923 ,1.59678 ,-1.47395 ,-14.46240 
525 ,95.4845 ,1.59868 ,-1.47395 ,-14.46240 
526 ,95.6765 ,1.60063 ,-1.48764 ,-14.59672 
527 ,95.8525 ,1.60238 ,-1.49448 ,-14.66387 
528 ,96.0608 ,1.60438 ,-1.49448 ,-14.66387 
529 ,96.2365 ,1.60624 ,-1.51844 ,-14.89892 
530 ,96.4128 ,1.60798 ,-1.51844 ,-14.89892 
531 ,96.5888 ,1.60970 ,-1.51502 ,-14.86534 
532 ,96.7647 ,1.61149 ,-1.51844 ,-14.89892 
533 ,96.9250 ,1.61322 ,-1.52871 ,-14.99966 
534 ,97.1013 ,1.61484 ,-1.53897 ,-15.10039 
535 ,97.2772 ,1.61665 ,-1.54924 ,-15.20113 
536 ,97.4528 ,1.61837 ,-1.55266 ,-15.23471 
537 ,97.6294 ,1.62015 ,-1.55266 ,-15.23471 
538 ,97.8215 ,1.62206 ,-1.56977 ,-15.40260 
539 ,97.9975 ,1.62386 ,-1.56635 ,-15.36902 
540 ,98.1736 ,1.62558 ,-1.56293 ,-15.33544 
541 ,98.3656 ,1.62751 ,-1.58004 ,-15.50333 
542 ,98.5257 ,1.62920 ,-1.58688 ,-15.57049 
543 ,98.6853 ,1.63080 ,-1.59715 ,-15.67122 
544 ,98.8454 ,1.63243 ,-1.61084 ,-15.80554 
545 ,99.0214 ,1.63405 ,-1.60057 ,-15.70480 
546 ,99.2140 ,1.63592 ,-1.62110 ,-15.90627 
547 ,99.4219 ,1.63802 ,-1.62110 ,-15.90627 
548 ,99.6141 ,1.63994 ,-1.62453 ,-15.93985 
549 ,99.7902 ,1.64176 ,-1.62795 ,-15.97343 
550 ,99.9664 ,1.64350 ,-1.64164 ,-16.10774 
551 ,100.1425 ,1.64525 ,-1.64164 ,-16.10774 
552 ,100.3344 ,1.64714 ,-1.65533 ,-16.24205 
553 ,100.5105 ,1.64890 ,-1.65875 ,-16.27563 
554 ,100.6865 ,1.65067 ,-1.66559 ,-16.34279 
555 ,100.8629 ,1.65249 ,-1.67586 ,-16.44352 
556 ,101.0387 ,1.65425 ,-1.67244 ,-16.40995 
557 ,101.2148 ,1.65599 ,-1.68270 ,-16.51068 
558 ,101.3909 ,1.65775 ,-1.68955 ,-16.57784 
559 ,101.5667 ,1.65949 ,-1.68955 ,-16.57784 
560 ,101.7430 ,1.66125 ,-1.71692 ,-16.84646 
561 ,101.9351 ,1.66319 ,-1.72719 ,-16.94720 
562 ,102.1113 ,1.66498 ,-1.71350 ,-16.81289 
563 ,102.3032 ,1.66686 ,-1.73061 ,-16.98078 
564 ,102.4793 ,1.66867 ,-1.74430 ,-17.11509 
565 ,102.6712 ,1.67056 ,-1.73404 ,-17.01436 
566 ,102.8475 ,1.67234 ,-1.73746 ,-17.04793 
567 ,103.0555 ,1.67429 ,-1.74430 ,-17.11509 
568 ,103.2317 ,1.67616 ,-1.75115 ,-17.18225 
569 ,103.4076 ,1.67789 ,-1.75799 ,-17.24940 
570 ,103.5838 ,1.67967 ,-1.78195 ,-17.48445 
571 ,103.7435 ,1.68136 ,-1.77852 ,-17.45087 
572 ,103.9199 ,1.68307 ,-1.79221 ,-17.58519 
573 ,104.1120 ,1.68498 ,-1.77510 ,-17.41729 
574 ,104.2880 ,1.68671 ,-1.78537 ,-17.51803 
575 ,104.4640 ,1.68843 ,-1.81617 ,-17.82023 
576 ,104.6561 ,1.69033 ,-1.81275 ,-17.78666 
577 ,104.8318 ,1.69212 ,-1.80932 ,-17.75308 
578 ,105.0079 ,1.69388 ,-1.81617 ,-17.82023 
579 ,105.1841 ,1.69568 ,-1.82986 ,-17.95455 
580 ,105.3764 ,1.69753 ,-1.82643 ,-17.92097 
581 ,105.5526 ,1.69935 ,-1.83670 ,-18.02170 
582 ,105.7447 ,1.70127 ,-1.84354 ,-18.08886 
583 ,105.9205 ,1.70304 ,-1.86408 ,-18.29033 
584 ,106.1126 ,1.70487 ,-1.85381 ,-18.18960 
585 ,106.3049 ,1.70687 ,-1.87434 ,-18.39107 
586 ,106.4810 ,1.70868 ,-1.87434 ,-18.39107 
587 ,106.6730 ,1.71047 ,-1.87434 ,-18.39107 
588 ,106.8491 ,1.71232 ,-1.89146 ,-18.55896 
589 ,107.0089 ,1.71400 ,-1.89830 ,-18.62611 
590 ,107.1853 ,1.71560 ,-1.91199 ,-18.76043 
591 ,107.3611 ,1.71757 ,-1.90857 ,-18.72685 
592 ,107.5375 ,1.71920 ,-1.90514 ,-18.69327 
593 ,107.7292 ,1.72110 ,-1.92910 ,-18.92832 
594 ,107.9055 ,1.72287 ,-1.94279 ,-19.06263 
595 ,108.0973 ,1.72478 ,-1.92910 ,-18.92832 
596 ,108.2739 ,1.72656 ,-1.93594 ,-18.99547 
597 ,108.4496 ,1.72836 ,-1.94963 ,-19.12979 
598 ,108.6257 ,1.73003 ,-1.95990 ,-19.23052 
599 ,108.8020 ,1.73181 ,-1.95648 ,-19.19694 
600 ,108.9778 ,1.73362 ,-1.96674 ,-19.29768 
601 ,109.1538 ,1.73534 ,-1.96332 ,-19.26410 
602 ,109.3302 ,1.73716 ,-1.97359 ,-19.36484 
603 ,109.5222 ,1.73900 ,-1.98385 ,-19.46557 
604 ,109.7142 ,1.74093 ,-1.97359 ,-19.36484 
605 ,109.8903 ,1.74268 ,-2.00096 ,-19.63346 
606 ,110.0663 ,1.74443 ,-2.01808 ,-19.80135 
607 ,110.2426 ,1.74618 ,-2.00439 ,-19.66704 
608 ,110.4347 ,1.74802 ,-2.00096 ,-19.63346 
609 ,110.6267 ,1.75006 ,-2.03519 ,-19.96925 
610 ,110.8028 ,1.75178 ,-2.02492 ,-19.86851 
611 ,110.9790 ,1.75360 ,-2.01465 ,-19.76778 
612 ,111.1550 ,1.75536 ,-2.02834 ,-19.90209 
613 ,111.3310 ,1.75719 ,-2.05230 ,-20.13714 
614 ,111.5072 ,1.75886 ,-2.04545 ,-20.06998 
615 ,111.6831 ,1.76067 ,-2.05572 ,-20.17072 
616 ,111.8911 ,1.76255 ,-2.05914 ,-20.20429 
617 ,112.0835 ,1.76463 ,-2.06599 ,-20.27145 
618 ,112.2752 ,1.76660 ,-2.06599 ,-20.27145 
619 ,112.4511 ,1.76829 ,-2.07967 ,-20.40576 
620 ,112.6433 ,1.77020 ,-2.06941 ,-20.30503 
621 ,112.8195 ,1.77204 ,-2.06256 ,-20.23787 
622 ,113.0117 ,1.77386 ,-2.08994 ,-20.50650 
623 ,113.1877 ,1.77565 ,-2.10363 ,-20.64081 
624 ,113.3636 ,1.77737 ,-2.10363 ,-20.64081 
625 ,113.5400 ,1.77918 ,-2.08310 ,-20.43934 
626 ,113.7320 ,1.78116 ,-2.10021 ,-20.60723 
627 ,113.9401 ,1.78313 ,-2.09679 ,-20.57366 
628 ,114.1160 ,1.78494 ,-2.10705 ,-20.67439 
629 ,114.2922 ,1.78672 ,-2.10363 ,-20.64081 
630 ,114.4522 ,1.78844 ,-2.12416 ,-20.84228 
631 ,114.6282 ,1.79011 ,-2.12416 ,-20.84228 
632 ,114.8041 ,1.79182 ,-2.12074 ,-20.80870 
633 ,114.9805 ,1.79364 ,-2.12416 ,-20.84228 
634 ,115.1564 ,1.79536 ,-2.11047 ,-20.70797 
635 ,115.3326 ,1.79711 ,-2.12758 ,-20.87586 
636 ,115.5245 ,1.79892 ,-2.12758 ,-20.87586 
637 ,115.7168 ,1.80082 ,-2.12758 ,-20.87586 
638 ,115.9086 ,1.80285 ,-2.14812 ,-21.07733 
639 ,116.1009 ,1.80472 ,-2.14470 ,-21.04375 
640 ,116.2929 ,1.80671 ,-2.14127 ,-21.01017 
641 ,116.4691 ,1.80848 ,-2.16523 ,-21.24522 
642 ,116.6452 ,1.81024 ,-2.16865 ,-21.27880 
643 ,116.8374 ,1.81219 ,-2.15838 ,-21.17806 
644 ,117.0134 ,1.81396 ,-2.16865 ,-21.27880 
645 ,117.1894 ,1.81568 ,-2.16523 ,-21.24522 
646 ,117.3657 ,1.81744 ,-2.18234 ,-21.41311 
647 ,117.5414 ,1.81918 ,-2.17549 ,-21.34596 
648 ,117.7337 ,1.82106 ,-2.20287 ,-21.61458 
649 ,117.9258 ,1.82305 ,-2.20287 ,-21.61458 
650 ,118.1016 ,1.82483 ,-2.19945 ,-21.58100 
651 ,118.2778 ,1.82651 ,-2.21314 ,-21.71532 
652 ,118.4539 ,1.82830 ,-2.22683 ,-21.84963 
653 ,118.6456 ,1.83012 ,-2.23367 ,-21.91679 
654 ,118.8223 ,1.83200 ,-2.21998 ,-21.78247 
655 ,118.9978 ,1.83378 ,-2.22341 ,-21.81605 
656 ,119.1744 ,1.83549 ,-2.24394 ,-22.01752 
657 ,119.3503 ,1.83731 ,-2.26105 ,-22.18541 
658 ,119.5425 ,1.83913 ,-2.24394 ,-22.01752 
659 ,119.7181 ,1.84097 ,-2.25420 ,-22.11826 
660 ,119.8944 ,1.84266 ,-2.27816 ,-22.35330 
661 ,120.0863 ,1.84462 ,-2.28500 ,-22.42046 
662 ,120.2626 ,1.84642 ,-2.27474 ,-22.31973 
663 ,120.4386 ,1.84812 ,-2.29185 ,-22.48762 
664 ,120.6308 ,1.84996 ,-2.28843 ,-22.45404 
665 ,120.8228 ,1.85201 ,-2.29185 ,-22.48762 
666 ,120.9990 ,1.85373 ,-2.29527 ,-22.52120 
667 ,121.1751 ,1.85556 ,-2.31923 ,-22.75624 
668 ,121.3510 ,1.85726 ,-2.33291 ,-22.89056 
669 ,121.5270 ,1.85900 ,-2.31580 ,-22.72267 
670 ,121.7032 ,1.86080 ,-2.32607 ,-22.82340 
671 ,121.8789 ,1.86261 ,-2.32607 ,-22.82340 
672 ,122.0554 ,1.86433 ,-2.33976 ,-22.95771 
673 ,122.2476 ,1.86623 ,-2.34318 ,-22.99129 
674 ,122.4395 ,1.86813 ,-2.36714 ,-23.22634 
675 ,122.6157 ,1.86993 ,-2.36371 ,-23.19276 
676 ,122.8078 ,1.87185 ,-2.35345 ,-23.09203 
677 ,122.9834 ,1.87357 ,-2.37056 ,-23.25992 
678 ,123.1599 ,1.87538 ,-2.36029 ,-23.15918 
679 ,123.3519 ,1.87732 ,-2.37398 ,-23.29350 
680 ,123.5279 ,1.87901 ,-2.38082 ,-23.36065 
681 ,123.7361 ,1.88106 ,-2.38767 ,-23.42781 
682 ,123.9281 ,1.88300 ,-2.40478 ,-23.59570 
683 ,124.1043 ,1.88477 ,-2.39451 ,-23.49497 
684 ,124.2803 ,1.88656 ,-2.40478 ,-23.59570 
685 ,124.4722 ,1.88845 ,-2.41847 ,-23.73002 
686 ,124.6485 ,1.89020 ,-2.41847 ,-23.73002 
687 ,124.8565 ,1.89224 ,-2.41847 ,-23.73002 
688 ,125.0323 ,1.89406 ,-2.44242 ,-23.96506 
689 ,125.2087 ,1.89587 ,-2.44242 ,-23.96506 
690 ,125.4008 ,1.89772 ,-2.43558 ,-23.89791 
691 ,125.5929 ,1.89960 ,-2.44927 ,-24.03222 
692 ,125.7847 ,1.90154 ,-2.45953 ,-24.13295 
693 ,125.9770 ,1.90348 ,-2.47665 ,-24.30085 
694 ,126.1531 ,1.90524 ,-2.48691 ,-24.40158 
695 ,126.3289 ,1.90704 ,-2.46638 ,-24.20011 
696 ,126.5208 ,1.90884 ,-2.47665 ,-24.30085 
697 ,126.7132 ,1.91080 ,-2.48349 ,-24.36800 
698 ,126.8893 ,1.91262 ,-2.48007 ,-24.33442 
699 ,127.0655 ,1.91437 ,-2.48691 ,-24.40158 
700 ,127.2415 ,1.91631 ,-2.50745 ,-24.60305 
701 ,127.4335 ,1.91803 ,-2.51087 ,-24.63663 
702 ,127.6097 ,1.91986 ,-2.50402 ,-24.56947 
703 ,127.7856 ,1.92167 ,-2.50402 ,-24.56947 
704 ,127.9619 ,1.92342 ,-2.51429 ,-24.67021 
705 ,128.1379 ,1.92514 ,-2.53824 ,-24.90526 
706 ,128.3140 ,1.92686 ,-2.53482 ,-24.87168 
707 ,128.4900 ,1.92867 ,-2.53824 ,-24.90526 
708 ,128.6663 ,1.93043 ,-2.53482 ,-24.87168 
709 ,128.8743 ,1.93238 ,-2.53824 ,-24.90526 
710 ,129.0502 ,1.93431 ,-2.55193 ,-25.03957 
711 ,129.2420 ,1.93620 ,-2.56220 ,-25.14030 
712 ,129.4344 ,1.93795 ,-2.56220 ,-25.14030 
713 ,129.6265 ,1.93999 ,-2.56562 ,-25.17388 
714 ,129.8501 ,1.94211 ,-2.57589 ,-25.27462 
715 ,130.0424 ,1.94403 ,-2.55878 ,-25.10673 
716 ,130.2183 ,1.94591 ,-2.59642 ,-25.47609 
717 ,130.3947 ,1.94764 ,-2.58958 ,-25.40893 
718 ,130.5709 ,1.94947 ,-2.58958 ,-25.40893 
719 ,130.7630 ,1.95138 ,-2.59642 ,-25.47609 
720 ,130.9390 ,1.95313 ,-2.61353 ,-25.64398 
721 ,131.1630 ,1.95522 ,-2.61695 ,-25.67756 
722 ,131.3390 ,1.95710 ,-2.62722 ,-25.77829 
723 ,131.5312 ,1.95901 ,-2.61011 ,-25.61040 
724 ,131.7232 ,1.96094 ,-2.62722 ,-25.77829 
725 ,131.9153 ,1.96286 ,-2.63407 ,-25.84545 
726 ,132.0914 ,1.96463 ,-2.62038 ,-25.71114 
727 ,132.2674 ,1.96640 ,-2.63407 ,-25.84545 
728 ,132.4434 ,1.96817 ,-2.63749 ,-25.87903 
729 ,132.6198 ,1.96997 ,-2.63407 ,-25.84545 
730 ,132.8117 ,1.97187 ,-2.63064 ,-25.81187 
731 ,132.9879 ,1.97357 ,-2.64091 ,-25.91260 
732 ,133.2120 ,1.97575 ,-2.65118 ,-26.01334 
733 ,133.3881 ,1.97761 ,-2.64775 ,-25.97976 
734 ,133.5641 ,1.97938 ,-2.67171 ,-26.21481 
735 ,133.7402 ,1.98111 ,-2.66144 ,-26.11407 
736 ,133.9162 ,1.98293 ,-2.66829 ,-26.18123 
737 ,134.0922 ,1.98462 ,-2.66144 ,-26.11407 
738 ,134.2685 ,1.98642 ,-2.66829 ,-26.18123 
739 ,134.4443 ,1.98814 ,-2.67513 ,-26.24839 
740 ,134.6204 ,1.98988 ,-2.66829 ,-26.18123 
741 ,134.7966 ,1.99165 ,-2.68540 ,-26.34912 
742 ,134.9728 ,1.99343 ,-2.66829 ,-26.18123 
743 ,135.1807 ,1.99544 ,-2.69224 ,-26.41628 
744 ,135.3567 ,1.99725 ,-2.68540 ,-26.34912 
745 ,135.5328 ,1.99902 ,-2.68198 ,-26.31554 
746 ,135.6929 ,2.00074 ,-2.69909 ,-26.48344 
747 ,135.8691 ,2.00239 ,-2.68882 ,-26.38270 
748 ,136.0452 ,2.00415 ,-2.69909 ,-26.48344 
749 ,136.2371 ,2.00606 ,-2.70593 ,-26.55059 
750 ,136.4292 ,2.00789 ,-2.70593 ,-26.55059 
751 ,136.6214 ,2.00978 ,-2.72646 ,-26.75206 
752 ,136.8135 ,2.01185 ,-2.70935 ,-26.58417 
753 ,137.0054 ,2.01374 ,-2.72989 ,-26.78564 
754 ,137.1816 ,2.01548 ,-2.73673 ,-26.85280 
755 ,137.3737 ,2.01749 ,-2.72989 ,-26.78564 
756 ,137.5494 ,2.01920 ,-2.72646 ,-26.75206 
757 ,137.7256 ,2.02099 ,-2.75726 ,-27.05427 
758 ,137.9017 ,2.02272 ,-2.77437 ,-27.22216 
759 ,138.1099 ,2.02482 ,-2.75042 ,-26.98711 
760 ,138.2857 ,2.02657 ,-2.77437 ,-27.22216 
761 ,138.4780 ,2.02835 ,-2.78806 ,-27.35647 
762 ,138.6541 ,2.03022 ,-2.77095 ,-27.18858 
763 ,138.8457 ,2.03217 ,-2.78464 ,-27.32289 
764 ,139.0222 ,2.03390 ,-2.80860 ,-27.55794 
765 ,139.1983 ,2.03570 ,-2.79491 ,-27.42363 
766 ,139.3743 ,2.03746 ,-2.79491 ,-27.42363 
767 ,139.5343 ,2.03915 ,-2.79833 ,-27.45721 
768 ,139.7266 ,2.04090 ,-2.80860 ,-27.55794 
769 ,139.9185 ,2.04288 ,-2.81544 ,-27.62510 
770 ,140.0947 ,2.04463 ,-2.81202 ,-27.59152 
771 ,140.2709 ,2.04644 ,-2.82571 ,-27.72583 
772 ,140.4466 ,2.04813 ,-2.83940 ,-27.86015 
773 ,140.6390 ,2.05008 ,-2.82913 ,-27.75941 
774 ,140.8310 ,2.05198 ,-2.85308 ,-27.99446 
775 ,141.0231 ,2.05390 ,-2.85651 ,-28.02804 
776 ,141.1991 ,2.05566 ,-2.86335 ,-28.09519 
777 ,141.3908 ,2.05763 ,-2.84966 ,-27.96088 
778 ,141.5675 ,2.05937 ,-2.87704 ,-28.22951 
779 ,141.7592 ,2.06128 ,-2.86335 ,-28.09519 
780 ,141.9354 ,2.06304 ,-2.87019 ,-28.16235 
781 ,142.1274 ,2.06495 ,-2.89415 ,-28.39740 
782 ,142.3515 ,2.06705 ,-2.88731 ,-28.33024 
783 ,142.5275 ,2.06896 ,-2.90442 ,-28.49813 
784 ,142.7038 ,2.07075 ,-2.89757 ,-28.43098 
785 ,142.8958 ,2.07267 ,-2.89415 ,-28.39740 
786 ,143.0879 ,2.07450 ,-2.90442 ,-28.49813 
787 ,143.2640 ,2.07632 ,-2.91126 ,-28.56529 
788 ,143.4397 ,2.07808 ,-2.90442 ,-28.49813 
789 ,143.6322 ,2.07999 ,-2.91811 ,-28.63245 
790 ,143.8241 ,2.08191 ,-2.93522 ,-28.80034 
791 ,144.0003 ,2.08368 ,-2.92837 ,-28.73318 
792 ,144.1923 ,2.08554 ,-2.94206 ,-28.86750 
793 ,144.3685 ,2.08738 ,-2.95575 ,-29.00181 
794 ,144.5444 ,2.08907 ,-2.94548 ,-28.90107 
795 ,144.7526 ,2.09114 ,-2.95575 ,-29.00181 
796 ,144.9287 ,2.09298 ,-2.96259 ,-29.06897 
797 ,145.1208 ,2.09493 ,-2.95575 ,-29.00181 
798 ,145.2967 ,2.09662 ,-2.96259 ,-29.06897 
799 ,145.4889 ,2.09859 ,-2.97970 ,-29.23686 
800 ,145.6649 ,2.10032 ,-2.98655 ,-29.30401 
801 ,145.8570 ,2.10219 ,-2.98313 ,-29.27043 
802 ,146.0492 ,2.10410 ,-2.98313 ,-29.27043 
803 ,146.2249 ,2.10592 ,-2.99681 ,-29.40475 
804 ,146.4012 ,2.10771 ,-2.99681 ,-29.40475 
805 ,146.5772 ,2.10943 ,-2.99681 ,-29.40475 
806 ,146.7534 ,2.11123 ,-3.00024 ,-29.43833 
807 ,146.9455 ,2.11312 ,-3.02761 ,-29.70695 
808 ,147.1215 ,2.11490 ,-3.01393 ,-29.57264 
809 ,147.3136 ,2.11679 ,-3.02419 ,-29.67337 
810 ,147.4896 ,2.11853 ,-3.02761 ,-29.70695 
811 ,147.6817 ,2.12048 ,-3.01735 ,-29.60622 
812 ,147.8739 ,2.12236 ,-3.04473 ,-29.87484 
813 ,148.0659 ,2.12432 ,-3.02761 ,-29.70695 
814 ,148.2420 ,2.12609 ,-3.03446 ,-29.77411 
815 ,148.4340 ,2.12797 ,-3.05157 ,-29.94200 
816 ,148.6101 ,2.12975 ,-3.05841 ,-30.00916 
817 ,148.7863 ,2.13152 ,-3.03788 ,-29.80769 
818 ,148.9782 ,2.13344 ,-3.05157 ,-29.94200 
819 ,149.1543 ,2.13517 ,-3.06184 ,-30.04274 
820 ,149.3305 ,2.13698 ,-3.08237 ,-30.24421 
821 ,149.5225 ,2.13880 ,-3.05499 ,-29.97558 
822 ,149.6986 ,2.14064 ,-3.07210 ,-30.14347 
823 ,149.8904 ,2.14256 ,-3.08579 ,-30.27778 
824 ,150.0667 ,2.14433 ,-3.08237 ,-30.24421 
825 ,150.2427 ,2.14606 ,-3.07552 ,-30.17705 
826 ,150.4187 ,2.14780 ,-3.07552 ,-30.17705 
827 ,150.6268 ,2.14984 ,-3.08237 ,-30.24421 
828 ,150.8190 ,2.15180 ,-3.08579 ,-30.27778 
829 ,150.9947 ,2.15358 ,-3.09606 ,-30.37852 
830 ,151.1709 ,2.15536 ,-3.10632 ,-30.47925 
831 ,151.3469 ,2.15708 ,-3.10632 ,-30.47925 
832 ,151.5230 ,2.15884 ,-3.10632 ,-30.47925 
833 ,151.6994 ,2.16064 ,-3.10632 ,-30.47925 
834 ,151.8914 ,2.16253 ,-3.12001 ,-30.61357 
835 ,152.0837 ,2.16438 ,-3.11659 ,-30.57999 
836 ,152.2758 ,2.16631 ,-3.11659 ,-30.57999 
837 ,152.4514 ,2.16820 ,-3.13370 ,-30.74788 
838 ,152.6276 ,2.16986 ,-3.12344 ,-30.64715 
839 ,152.8040 ,2.17169 ,-3.11659 ,-30.57999 
840 ,152.9800 ,2.17351 ,-3.12344 ,-30.64715 
841 ,153.1720 ,2.17534 ,-3.14055 ,-30.81504 
842 ,153.3480 ,2.17714 ,-3.13712 ,-30.78146 
843 ,153.5402 ,2.17905 ,-3.14397 ,-30.84862 
844 ,153.7162 ,2.18078 ,-3.15766 ,-30.98293 
845 ,153.8924 ,2.18256 ,-3.16450 ,-31.05008 
846 ,154.0845 ,2.18440 ,-3.14397 ,-30.84862 
847 ,154.2605 ,2.18625 ,-3.16792 ,-31.08366 
848 ,154.4527 ,2.18810 ,-3.15423 ,-30.94935 
849 ,154.6607 ,2.19018 ,-3.17819 ,-31.18440 
850 ,154.8527 ,2.19208 ,-3.17477 ,-31.15082 
851 ,155.0448 ,2.19406 ,-3.17477 ,-31.15082 
852 ,155.2370 ,2.19590 ,-3.18161 ,-31.21798 
853 ,155.4291 ,2.19789 ,-3.18161 ,-31.21798 
854 ,155.6050 ,2.19967 ,-3.17477 ,-31.15082 
855 ,155.7809 ,2.20141 ,-3.20557 ,-31.45302 
856 ,155.9573 ,2.20323 ,-3.21241 ,-31.52018 
857 ,156.1334 ,2.20499 ,-3.21583 ,-31.55376 
858 ,156.3095 ,2.20675 ,-3.21241 ,-31.52018 
859 ,156.5015 ,2.20865 ,-3.21926 ,-31.58734 
860 ,156.6778 ,2.21035 ,-3.23637 ,-31.75523 
861 ,156.8533 ,2.21215 ,-3.22952 ,-31.68807 
862 ,157.0298 ,2.21394 ,-3.22610 ,-31.65449 
863 ,157.2217 ,2.21586 ,-3.23637 ,-31.75523 
864 ,157.3979 ,2.21757 ,-3.24321 ,-31.82239 
865 ,157.6057 ,2.21961 ,-3.23637 ,-31.75523 
866 ,157.7822 ,2.22145 ,-3.25348 ,-31.92312 
867 ,157.9741 ,2.22328 ,-3.26032 ,-31.99028 
868 ,158.1503 ,2.22509 ,-3.26374 ,-32.02386 
869 ,158.3423 ,2.22697 ,-3.27401 ,-32.12459 
870 ,158.5345 ,2.22891 ,-3.28085 ,-32.19175 
871 ,158.7423 ,2.23088 ,-3.25690 ,-31.95670 
872 ,158.9185 ,2.23286 ,-3.28770 ,-32.25890 
873 ,159.1101 ,2.23464 ,-3.28085 ,-32.19175 
874 ,159.2862 ,2.23646 ,-3.27059 ,-32.09101 
875 ,159.4622 ,2.23825 ,-3.30139 ,-32.39322 
876 ,159.6387 ,2.23997 ,-3.30823 ,-32.46037 
877 ,159.8629 ,2.24223 ,-3.30823 ,-32.46037 
878 ,160.0387 ,2.24398 ,-3.31508 ,-32.52753 
879 ,160.2152 ,2.24579 ,-3.31165 ,-32.49395 
880 ,160.4072 ,2.24770 ,-3.31850 ,-32.56111 
881 ,160.5832 ,2.24945 ,-3.32877 ,-32.66184 
882 ,160.7752 ,2.25136 ,-3.33219 ,-32.69542 
883 ,160.9515 ,2.25310 ,-3.31850 ,-32.56111 
884 ,161.1274 ,2.25501 ,-3.34588 ,-32.82973 
885 ,161.3035 ,2.25659 ,-3.34245 ,-32.79616 
886 ,161.4796 ,2.25838 ,-3.34930 ,-32.86331 
887 ,161.6557 ,2.26019 ,-3.34245 ,-32.79616 
888 ,161.8476 ,2.26207 ,-3.34245 ,-32.79616 
889 ,162.0399 ,2.26396 ,-3.35956 ,-32.96405 
890 ,162.2480 ,2.26595 ,-3.34930 ,-32.86331 
891 ,162.4560 ,2.26807 ,-3.37668 ,-33.13194 
892 ,162.6481 ,2.27000 ,-3.36299 ,-32.99763 
893 ,162.8560 ,2.27204 ,-3.38694 ,-33.23267 
894 ,163.0482 ,2.27398 ,-3.37668 ,-33.13194 
895 ,163.2243 ,2.27581 ,-3.38694 ,-33.23267 
896 ,163.4004 ,2.27755 ,-3.39036 ,-33.26625 
897 ,163.5766 ,2.27936 ,-3.40063 ,-33.36699 
898 ,163.7683 ,2.28129 ,-3.39036 ,-33.26625 
899 ,163.9607 ,2.28310 ,-3.41432 ,-33.50130 
900 ,164.1687 ,2.28523 ,-3.41774 ,-33.53488 
901 ,164.3445 ,2.28702 ,-3.42116 ,-33.56846 
902 ,164.5367 ,2.28895 ,-3.41432 ,-33.50130 
903 ,164.7290 ,2.29086 ,-3.41432 ,-33.50130 
904 ,164.9210 ,2.29272 ,-3.43827 ,-33.73635 
905 ,165.1132 ,2.29472 ,-3.41774 ,-33.53488 
906 ,165.2890 ,2.29648 ,-3.42801 ,-33.63561 
907 ,165.4813 ,2.29835 ,-3.44854 ,-33.83708 
908 ,165.6735 ,2.30034 ,-3.42459 ,-33.60204 
909 ,165.8656 ,2.30227 ,-3.45539 ,-33.90424 
910 ,166.0415 ,2.30396 ,-3.45539 ,-33.90424 
911 ,166.2173 ,2.30575 ,-3.43827 ,-33.73635 
912 ,166.3773 ,2.30746 ,-3.44170 ,-33.76993 
913 ,166.5538 ,2.30910 ,-3.44170 ,-33.76993 
914 ,166.7298 ,2.31088 ,-3.46223 ,-33.97140 
915 ,166.9217 ,2.31278 ,-3.45881 ,-33.93782 
916 ,167.0981 ,2.31461 ,-3.44512 ,-33.80351 
917 ,167.2900 ,2.31648 ,-3.44854 ,-33.83708 
918 ,167.4656 ,2.31821 ,-3.45196 ,-33.87066 
919 ,167.6420 ,2.31998 ,-3.46565 ,-34.00498 
920 ,167.8183 ,2.32176 ,-3.45881 ,-33.93782 
921 ,167.9942 ,2.32348 ,-3.46223 ,-33.97140 
922 ,168.1864 ,2.32531 ,-3.46907 ,-34.03855 
923 ,168.3784 ,2.32740 ,-3.46565 ,-34.00498 
924 ,168.5544 ,2.32909 ,-3.47250 ,-34.07213 
925 ,168.7306 ,2.33088 ,-3.47250 ,-34.07213 
926 ,168.9227 ,2.33275 ,-3.48961 ,-34.24002 
927 ,169.1148 ,2.33471 ,-3.47934 ,-34.13929 
928 ,169.3068 ,2.33661 ,-3.49645 ,-34.30718 
929 ,169.4829 ,2.33840 ,-3.49987 ,-34.34076 
930 ,169.6590 ,2.34021 ,-3.50672 ,-34.40792 
931 ,169.8512 ,2.34207 ,-3.49645 ,-34.30718 
932 ,170.0272 ,2.34385 ,-3.51014 ,-34.44149 
933 ,170.2191 ,2.34575 ,-3.50672 ,-34.40792 
934 ,170.3953 ,2.34753 ,-3.50330 ,-34.37434 
935 ,170.5871 ,2.34943 ,-3.53752 ,-34.71012 
936 ,170.7636 ,2.35123 ,-3.52383 ,-34.57581 
937 ,170.9395 ,2.35296 ,-3.52041 ,-34.54223 
938 ,171.1317 ,2.35480 ,-3.53067 ,-34.64296 
939 ,171.3077 ,2.35663 ,-3.54094 ,-34.74370 
940 ,171.4994 ,2.35854 ,-3.53067 ,-34.64296 
941 ,171.6758 ,2.36026 ,-3.53410 ,-34.67654 
942 ,171.8519 ,2.36209 ,-3.55463 ,-34.87801 
943 ,172.0280 ,2.36385 ,-3.56832 ,-35.01232 
944 ,172.2200 ,2.36577 ,-3.56489 ,-34.97875 
945 ,172.3961 ,2.36751 ,-3.54094 ,-34.74370 
946 ,172.5878 ,2.36940 ,-3.57858 ,-35.11306 
947 ,172.7642 ,2.37121 ,-3.57516 ,-35.07948 
948 ,172.9564 ,2.37309 ,-3.57516 ,-35.07948 
949 ,173.1324 ,2.37491 ,-3.58543 ,-35.18022 
950 ,173.3244 ,2.37679 ,-3.58543 ,-35.18022 
951 ,173.4844 ,2.37853 ,-3.56489 ,-34.97875 
952 ,173.6606 ,2.38013 ,-3.57858 ,-35.11306 
953 ,173.8367 ,2.38198 ,-3.59912 ,-35.31453 
954 ,174.0287 ,2.38383 ,-3.60938 ,-35.41526 
955 ,174.2209 ,2.38567 ,-3.60938 ,-35.41526 
956 ,174.3969 ,2.38751 ,-3.58885 ,-35.21379 
957 ,174.5890 ,2.38942 ,-3.62649 ,-35.58316 
958 ,174.7810 ,2.39128 ,-3.62992 ,-35.61673 
959 ,174.9733 ,2.39328 ,-3.61623 ,-35.48242 
960 ,175.1652 ,2.39523 ,-3.62649 ,-35.58316 
961 ,175.3412 ,2.39695 ,-3.62307 ,-35.54958 
962 ,175.5335 ,2.39893 ,-3.62649 ,-35.58316 
963 ,175.7254 ,2.40078 ,-3.62992 ,-35.61673 
964 ,175.9012 ,2.40256 ,-3.63676 ,-35.68389 
965 ,176.0778 ,2.40431 ,-3.62992 ,-35.61673 
966 ,176.2537 ,2.40609 ,-3.63334 ,-35.65031 
967 ,176.4298 ,2.40782 ,-3.65729 ,-35.88536 
968 ,176.6218 ,2.40975 ,-3.65729 ,-35.88536 
969 ,176.7979 ,2.41154 ,-3.56147 ,-34.94517 
970 ,176.9581 ,2.41320 ,-3.36299 ,-32.99763 
971 ,177.1342 ,2.41488 ,0.34664 ,3.40125 
972 ,177.3105 ,2.41666 ,0.48353 ,4.74438 
973 ,177.5182 ,2.41867 ,0.50406 ,4.94585 
974 ,177.6944 ,2.42046 ,0.48695 ,4.77796 
975 ,177.8865 ,2.42243 ,0.49380 ,4.84512 
976 ,178.0622 ,2.42421 ,0.48695 ,4.77796 
977 ,178.2545 ,2.42600 ,0.48695 ,4.77796 
978 ,178.4305 ,2.42781 ,0.49380 ,4.84512 
979 ,178.6067 ,2.42956 ,0.48011 ,4.71081 
980 ,178.7827 ,2.43135 ,0.49380 ,4.84512 
981 ,178.9589 ,2.43311 ,0.51091 ,5.01301 
982 ,179.1669 ,2.43514 ,0.49380 ,4.84512 
983 ,179.3590 ,2.43716 ,0.50064 ,4.91228 
984 ,179.5671 ,2.43909 ,0.48353 ,4.74438 
985 ,179.7592 ,2.44113 ,0.49037 ,4.81154 
986 ,179.9191 ,2.44285 ,0.49722 ,4.87870 
987 ,180.0950 ,2.44448 ,0.50406 ,4.94585 
988 ,180.2713 ,2.44623 ,0.49380 ,4.84512 
989 ,180.4474 ,2.44798 ,0.49380 ,4.84512 
990 ,180.6236 ,2.44979 ,0.49380 ,4.84512 
991 ,180.7996 ,2.45155 ,0.51433 ,5.04659 
992 ,180.9917 ,2.45347 ,0.48695 ,4.77796 
993 ,181.1678 ,2.45524 ,0.49037 ,4.81154 
994 ,181.3439 ,2.45693 ,0.48695 ,4.77796 
995 ,181.5355 ,2.45882 ,0.49380 ,4.84512 
996 ,181.7119 ,2.46062 ,0.49037 ,4.81154 
997 ,181.8879 ,2.46241 ,0.49037 ,4.81154 
998 ,182.0801 ,2.46435 ,0.49722 ,4.87870 
999 ,182.2562 ,2.46611 ,0.50748 ,4.97943 
1000 ,182.4483 ,2.46789 ,0.49722 ,4.87870 
1001 ,182.6240 ,2.46981 ,0.50406 ,4.94585 
1002 ,182.8005 ,2.47155 ,0.51433 ,5.04659 
1003 ,182.9926 ,2.47346 ,0.48695 ,4.77796 
1004 ,183.1686 ,2.47524 ,0.49380 ,4.84512 
1005 ,183.3446 ,2.47707 ,0.50748 ,4.97943 
1006 ,183.5208 ,2.47876 ,0.50748 ,4.97943 
1007 ,183.7126 ,2.48066 ,0.48011 ,4.71081 
1008 ,183.9049 ,2.48255 ,0.50748 ,4.97943 
1009 ,184.0810 ,2.48429 ,0.49037 ,4.81154 
1010 ,184.2572 ,2.48608 ,0.51433 ,5.04659 
1011 ,184.4492 ,2.48793 ,0.49380 ,4.84512 
1012 ,184.6249 ,2.48981 ,0.49722 ,4.87870 
1013 ,184.8174 ,2.49172 ,0.51433 ,5.04659 
1014 ,185.0091 ,2.49362 ,0.49380 ,4.84512 
1015 ,185.1855 ,2.49532 ,0.50064 ,4.91228 
1016 ,185.3612 ,2.49711 ,0.51091 ,5.01301 
1017 ,185.5377 ,2.49891 ,0.49380 ,4.84512 
1018 ,185.7296 ,2.50082 ,0.50064 ,4.91228 
1019 ,185.9057 ,2.50261 ,0.50406 ,4.94585 
1020 ,186.0819 ,2.50430 ,0.50748 ,4.97943 
1021 ,186.2740 ,2.50619 ,0.49037 ,4.81154 
1022 ,186.4335 ,2.50794 ,0.49380 ,4.84512 
1023 ,186.6100 ,2.50962 ,0.48695 ,4.77796 
1024 ,186.8021 ,2.51154 ,0.49722 ,4.87870 
1025 ,186.9783 ,2.51325 ,0.48353 ,4.74438 
1026 ,187.1863 ,2.51533 ,0.50406 ,4.94585 
1027 ,187.3784 ,2.51721 ,0.48695 ,4.77796 
1028 ,187.5545 ,2.51905 ,0.48353 ,4.74438 
1029 ,187.7466 ,2.52097 ,0.49722 ,4.87870 
1030 ,187.9226 ,2.52275 ,0.51091 ,5.01301 
1031 ,188.0985 ,2.52453 ,0.49722 ,4.87870 
1032 ,188.2906 ,2.52635 ,0.49722 ,4.87870 
1033 ,188.4827 ,2.52820 ,0.49722 ,4.87870 
1034 ,188.6750 ,2.53022 ,0.48353 ,4.74438 
1035 ,188.8667 ,2.53220 ,0.49722 ,4.87870 
1036 ,189.0431 ,2.53395 ,0.50406 ,4.94585 
1037 ,189.2191 ,2.53572 ,0.49722 ,4.87870 
1038 ,189.4112 ,2.53762 ,0.49380 ,4.84512 
1039 ,189.5869 ,2.53938 ,0.50064 ,4.91228 
1040 ,189.7633 ,2.54110 ,0.51091 ,5.01301 
1041 ,189.9554 ,2.54303 ,0.48695 ,4.77796 
1042 ,190.1315 ,2.54478 ,0.49037 ,4.81154 
1043 ,190.3236 ,2.54671 ,0.50064 ,4.91228 
1044 ,190.4995 ,2.54848 ,0.49722 ,4.87870 
1045 ,190.6753 ,2.55024 ,0.48353 ,4.74438 
1046 ,190.8518 ,2.55195 ,0.49037 ,4.81154 
1047 ,191.0278 ,2.55378 ,0.50064 ,4.91228 
1048 ,191.2042 ,2.55550 ,0.49722 ,4.87870 
1049 ,191.3799 ,2.55734 ,0.50064 ,4.91228 
1050 ,191.5560 ,2.55907 ,0.48695 ,4.77796 
1051 ,191.7317 ,2.56077 ,0.50406 ,4.94585 
1052 ,191.9081 ,2.56260 ,0.50064 ,4.91228 
1053 ,192.1164 ,2.56458 ,0.49380 ,4.84512 
1054 ,192.2923 ,2.56641 ,0.49037 ,4.81154 
1055 ,192.4844 ,2.56833 ,0.49722 ,4.87870 
1056 ,192.6766 ,2.57028 ,0.47668 ,4.67723 
1057 ,192.8364 ,2.57197 ,0.49380 ,4.84512 
1058 ,193.0127 ,2.57364 ,0.48695 ,4.77796 
1059 ,193.1888 ,2.57541 ,0.50064 ,4.91228 
1060 ,193.3647 ,2.57718 ,0.51091 ,5.01301 
1061 ,193.5408 ,2.57890 ,0.49037 ,4.81154 
1062 ,193.7167 ,2.58063 ,0.49037 ,4.81154 
1063 ,193.8929 ,2.58238 ,0.48011 ,4.71081 
1064 ,194.0851 ,2.58431 ,0.51433 ,5.04659 
1065 ,194.2610 ,2.58608 ,0.49722 ,4.87870 
1066 ,194.4369 ,2.58783 ,0.49380 ,4.84512 
1067 ,194.6132 ,2.58961 ,0.49380 ,4.84512 
1068 ,194.7893 ,2.59133 ,0.49722 ,4.87870 
1069 ,194.9655 ,2.59317 ,0.50748 ,4.97943 
1070 ,195.1736 ,2.59513 ,0.49722 ,4.87870 
1071 ,195.3495 ,2.59699 ,0.50406 ,4.94585 
1072 ,195.5416 ,2.59885 ,0.49037 ,4.81154 
1073 ,195.7177 ,2.60063 ,0.49037 ,4.81154 
1074 ,195.8937 ,2.60241 ,0.50064 ,4.91228 
1075 ,196.0702 ,2.60420 ,0.48695 ,4.77796 
1076 ,196.2941 ,2.60628 ,0.49037 ,4.81154 
1077 ,196.4701 ,2.60818 ,0.49722 ,4.87870 
1078 ,196.6460 ,2.60987 ,0.50406 ,4.94585 
1079 ,196.8223 ,2.61168 ,0.49037 ,4.81154 
1080 ,197.0143 ,2.61363 ,0.48695 ,4.77796 
1081 ,197.1904 ,2.61537 ,0.49722 ,4.87870 
1082 ,197.3663 ,2.61713 ,0.50748 ,4.97943 
1083 ,197.5425 ,2.61888 ,0.49037 ,4.81154 
1084 ,197.7186 ,2.62061 ,0.49380 ,4.84512 
1085 ,197.9107 ,2.62248 ,0.49037 ,4.81154 
1086 ,198.1186 ,2.62456 ,0.49380 ,4.84512 
1087 ,198.3108 ,2.62654 ,0.50064 ,4.91228 
1088 ,198.4868 ,2.62832 ,0.51091 ,5.01301 
1089 ,198.6791 ,2.63023 ,0.48353 ,4.74438 
1090 ,198.8551 ,2.63201 ,0.49037 ,4.81154 
1091 ,199.0471 ,2.63398 ,0.50064 ,4.91228 
1092 ,199.2072 ,2.63564 ,0.49037 ,4.81154 
1093 ,199.3993 ,2.63737 ,0.48695 ,4.77796 
1094 ,199.5755 ,2.63923 ,0.49380 ,4.84512 
1095 ,199.7514 ,2.64093 ,0.51091 ,5.01301 
1096 ,199.9275 ,2.64271 ,0.50748 ,4.97943 
1097 ,200.1036 ,2.64444 ,0.48353 ,4.74438 
1098 ,200.2798 ,2.64625 ,0.50064 ,4.91228 
1099 ,200.4558 ,2.64804 ,0.50064 ,4.91228 
1100 ,200.6319 ,2.64978 ,0.50748 ,4.97943 
1101 ,200.8236 ,2.65159 ,0.49037 ,4.81154 
1102 ,201.0320 ,2.65377 ,0.49722 ,4.87870 
1103 ,201.2236 ,2.65565 ,0.49037 ,4.81154 
1104 ,201.4002 ,2.65745 ,0.48011 ,4.71081 
1105 ,201.5918 ,2.65935 ,0.50406 ,4.94585 
1106 ,201.7680 ,2.66113 ,0.50064 ,4.91228 
1107 ,201.9443 ,2.66291 ,0.50406 ,4.94585 
1108 ,202.1205 ,2.66469 ,0.49037 ,4.81154 
1109 ,202.3125 ,2.66654 ,0.50406 ,4.94585 
1110 ,202.4885 ,2.66829 ,0.50064 ,4.91228 
1111 ,202.6646 ,2.67013 ,0.49722 ,4.87870 
1112 ,202.8408 ,2.67186 ,0.49037 ,4.81154 
1113 ,203.0328 ,2.67377 ,0.50064 ,4.91228 
1114 ,203.2087 ,2.67549 ,0.51091 ,5.01301 
1115 ,203.4170 ,2.67752 ,0.49380 ,4.84512 
1116 ,203.6251 ,2.67957 ,0.47668 ,4.67723 
1117 ,203.8008 ,2.68142 ,0.49037 ,4.81154 
1118 ,203.9772 ,2.68327 ,0.50064 ,4.91228 
1119 ,204.1529 ,2.68493 ,0.49722 ,4.87870 
1120 ,204.3294 ,2.68667 ,0.49380 ,4.84512 
1121 ,204.5215 ,2.68861 ,0.49380 ,4.84512 
1122 ,204.7296 ,2.69065 ,0.50748 ,4.97943 
1123 ,204.9053 ,2.69253 ,0.49380 ,4.84512 
1124 ,205.0813 ,2.69425 ,0.49037 ,4.81154 
1125 ,205.2577 ,2.69597 ,0.48695 ,4.77796 
1126 ,205.4335 ,2.69775 ,0.49380 ,4.84512 
1127 ,205.6099 ,2.69955 ,0.51091 ,5.01301 
1128 ,205.7860 ,2.70130 ,0.50064 ,4.91228 
1129 ,205.9780 ,2.70315 ,0.49722 ,4.87870 
1130 ,206.1542 ,2.70499 ,0.48695 ,4.77796 
1131 ,206.3623 ,2.70691 ,0.48695 ,4.77796 
1132 ,206.5222 ,2.70879 ,0.49722 ,4.87870 
1133 ,206.6983 ,2.71040 ,0.49037 ,4.81154 
1134 ,206.8905 ,2.71238 ,0.50406 ,4.94585 
1135 ,207.0667 ,2.71414 ,0.49037 ,4.81154 
1136 ,207.2425 ,2.71588 ,0.48695 ,4.77796 
1137 ,207.4186 ,2.71758 ,0.49722 ,4.87870 
1138 ,207.5947 ,2.71936 ,0.49722 ,4.87870 
1139 ,207.7706 ,2.72113 ,0.50064 ,4.91228 
1140 ,207.9468 ,2.72287 ,0.49037 ,4.81154 
1141 ,208.1389 ,2.72480 ,0.48695 ,4.77796 
1142 ,208.3150 ,2.72658 ,0.50406 ,4.94585 
1143 ,208.4910 ,2.72834 ,0.51775 ,5.08017 
1144 ,208.6511 ,2.73003 ,0.49380 ,4.84512 
1145 ,208.8271 ,2.73169 ,0.49380 ,4.84512 
1146 ,209.0192 ,2.73354 ,0.49380 ,4.84512 
1147 ,209.1955 ,2.73535 ,0.50406 ,4.94585 
1148 ,209.3874 ,2.73729 ,0.49380 ,4.84512 
1149 ,209.5795 ,2.73918 ,0.50406 ,4.94585 
1150 ,209.7552 ,2.74093 ,0.49722 ,4.87870 
1151 ,209.9475 ,2.74286 ,0.49380 ,4.84512 
1152 ,210.1237 ,2.74464 ,0.49037 ,4.81154 
1153 ,210.2997 ,2.74643 ,0.49037 ,4.81154 
1154 ,210.4757 ,2.74815 ,0.50064 ,4.91228 
1155 ,210.6680 ,2.75012 ,0.49722 ,4.87870 
1156 ,210.8439 ,2.75192 ,0.50406 ,4.94585 
1157 ,211.0197 ,2.75357 ,0.49037 ,4.81154 
1158 ,211.1796 ,2.75533 ,0.49380 ,4.84512 
1159 ,211.3397 ,2.75691 ,0.49722 ,4.87870 
1160 ,211.5161 ,2.75858 ,0.49722 ,4.87870 
1161 ,211.6923 ,2.76030 ,0.50064 ,4.91228 
1162 ,211.8683 ,2.76210 ,0.49722 ,4.87870 
1163 ,212.0605 ,2.76396 ,0.49380 ,4.84512 
1164 ,212.2526 ,2.76584 ,0.50748 ,4.97943 
1165 ,212.4288 ,2.76774 ,0.50406 ,4.94585 
1166 ,212.6207 ,2.76959 ,0.49037 ,4.81154 
1167 ,212.8124 ,2.77151 ,0.50064 ,4.91228 
1168 ,212.9887 ,2.77332 ,0.49722 ,4.87870 
1169 ,213.1807 ,2.77519 ,0.48695 ,4.77796 
1170 ,213.3571 ,2.77696 ,0.50064 ,4.91228 
1171 ,213.5490 ,2.77886 ,0.50406 ,4.94585 
1172 ,213.7411 ,2.78075 ,0.49037 ,4.81154 
1173 ,213.9168 ,2.78256 ,0.50406 ,4.94585 
1174 ,214.0931 ,2.78434 ,0.51091 ,5.01301 
1175 ,214.2853 ,2.78626 ,0.49380 ,4.84512 
1176 ,214.4614 ,2.78795 ,0.49037 ,4.81154 
1177 ,214.6536 ,2.78992 ,0.49722 ,4.87870 
1178 ,214.8454 ,2.79180 ,0.48695 ,4.77796 
1179 ,215.0216 ,2.79360 ,0.49037 ,4.81154 
1180 ,215.1977 ,2.79546 ,0.50406 ,4.94585 
1181 ,215.3578 ,2.79706 ,0.50064 ,4.91228 
1182 ,215.5339 ,2.79877 ,0.50406 ,4.94585 
1183 ,215.7096 ,2.80048 ,0.50406 ,4.94585 
1184 ,215.8858 ,2.80221 ,0.48695 ,4.77796 
1185 ,216.0621 ,2.80402 ,0.48011 ,4.71081 
1186 ,216.2380 ,2.80577 ,0.50064 ,4.91228 
1187 ,216.4302 ,2.80763 ,0.49037 ,4.81154 
1188 ,216.6064 ,2.80941 ,0.49037 ,4.81154 
1189 ,216.7823 ,2.81123 ,0.49037 ,4.81154 
1190 ,216.9584 ,2.81295 ,0.50406 ,4.94585 
1191 ,217.1345 ,2.81483 ,0.48695 ,4.77796 
1192 ,217.3106 ,2.81651 ,0.50064 ,4.91228 
1193 ,217.5027 ,2.81833 ,0.51091 ,5.01301 
1194 ,217.6949 ,2.82034 ,0.50406 ,4.94585 
1195 ,217.8868 ,2.82221 ,0.49037 ,4.81154 
1196 ,218.0628 ,2.82396 ,0.49722 ,4.87870 
1197 ,218.2391 ,2.82573 ,0.49722 ,4.87870 
1198 ,218.4311 ,2.82773 ,0.50064 ,4.91228 
1199 ,218.6070 ,2.82945 ,0.50064 ,4.91228 
1200 ,218.7993 ,2.83142 ,0.50064 ,4.91228 
1201 ,218.9913 ,2.83328 ,0.48695 ,4.77796 
1202 ,219.1671 ,2.83506 ,0.48353 ,4.74438 
1203 ,219.3592 ,2.83691 ,0.50748 ,4.97943 
1204 ,219.5354 ,2.83874 ,0.51433 ,5.04659 
1205 ,219.6951 ,2.84043 ,0.50064 ,4.91228 
1206 ,219.8551 ,2.84204 ,0.48695 ,4.77796 
1207 ,220.0151 ,2.84365 ,0.49380 ,4.84512 
1208 ,220.1918 ,2.84528 ,0.48353 ,4.74438 
1209 ,220.3839 ,2.84722 ,0.49380 ,4.84512 
1210 ,220.5918 ,2.84925 ,0.49722 ,4.87870 
1211 ,220.7678 ,2.85104 ,0.49037 ,4.81154 
1212 ,220.9441 ,2.85280 ,0.48353 ,4.74438 
1213 ,221.1360 ,2.85477 ,0.50748 ,4.97943 
1214 ,221.3118 ,2.85646 ,0.49037 ,4.81154 
1215 ,221.4882 ,2.85828 ,0.49722 ,4.87870 
1216 ,221.6805 ,2.86012 ,0.49380 ,4.84512 
1217 ,221.8563 ,2.86197 ,0.51433 ,5.04659 
1218 ,222.0324 ,2.86370 ,0.49037 ,4.81154 
1219 ,222.2246 ,2.86558 ,0.50064 ,4.91228 
1220 ,222.4003 ,2.86738 ,0.50748 ,4.97943 
1221 ,222.5927 ,2.86918 ,0.50406 ,4.94585 
1222 ,222.7847 ,2.87125 ,0.49722 ,4.87870 
1223 ,222.9768 ,2.87313 ,0.51091 ,5.01301 
1224 ,223.1689 ,2.87496 ,0.50064 ,4.91228 
1225 ,223.3611 ,2.87701 ,0.49037 ,4.81154 
1226 ,223.5530 ,2.87886 ,0.50406 ,4.94585 
1227 ,223.7451 ,2.88076 ,0.49722 ,4.87870 
1228 ,223.9209 ,2.88258 ,0.51091 ,5.01301 
1229 ,224.0974 ,2.88436 ,0.51091 ,5.01301 
1230 ,224.2735 ,2.88612 ,0.49037 ,4.81154 
1231 ,224.4495 ,2.88786 ,0.49380 ,4.84512 
1232 ,224.6413 ,2.88982 ,0.50406 ,4.94585 
1233 ,224.8333 ,2.89165 ,0.51091 ,5.01301 
1234 ,225.0097 ,2.89342 ,0.49037 ,4.81154 
1235 ,225.1858 ,2.89517 ,0.48353 ,4.74438 
1236 ,225.3618 ,2.89697 ,0.49722 ,4.87870 
1237 ,225.5216 ,2.89869 ,0.50748 ,4.97943 
1238 ,225.6979 ,2.90035 ,0.50748 ,4.97943 
1239 ,225.8740 ,2.90208 ,0.49380 ,4.84512 
1240 ,226.0502 ,2.90383 ,0.48353 ,4.74438 
1241 ,226.2421 ,2.90573 ,0.51433 ,5.04659 
1242 ,226.4183 ,2.90753 ,0.50064 ,4.91228 
1243 ,226.5942 ,2.90928 ,0.50406 ,4.94585 
1244 ,226.7864 ,2.91121 ,0.49380 ,4.84512 
1245 ,226.9944 ,2.91325 ,0.49380 ,4.84512 
1246 ,227.1704 ,2.91504 ,0.49722 ,4.87870 
1247 ,227.3467 ,2.91683 ,0.50064 ,4.91228 
1248 ,227.5227 ,2.91857 ,0.50064 ,4.91228 
1249 ,227.6983 ,2.92030 ,0.49722 ,4.87870 
1250 ,227.8748 ,2.92208 ,0.48695 ,4.77796 
1251 ,228.0672 ,2.92397 ,0.49722 ,4.87870 
1252 ,228.2591 ,2.92588 ,0.50748 ,4.97943 
1253 ,228.4350 ,2.92769 ,0.50748 ,4.97943 
1254 ,228.6111 ,2.92945 ,0.50064 ,4.91228 
1255 ,228.8033 ,2.93135 ,0.50748 ,4.97943 
1256 ,228.9795 ,2.93310 ,0.49722 ,4.87870 
1257 ,229.1555 ,2.93489 ,0.49037 ,4.81154 
1258 ,229.3474 ,2.93676 ,0.48695 ,4.77796 
1259 ,229.5236 ,2.93858 ,0.49380 ,4.84512 
1260 ,229.6997 ,2.94033 ,0.50064 ,4.91228 
1261 ,229.8757 ,2.94211 ,0.49722 ,4.87870 
1262 ,230.0519 ,2.94393 ,0.49722 ,4.87870 
1263 ,230.2279 ,2.94565 ,0.47668 ,4.67723 
1264 ,230.4196 ,2.94748 ,0.50748 ,4.97943 
1265 ,230.5959 ,2.94929 ,0.49037 ,4.81154 
1266 ,230.7882 ,2.95119 ,0.49722 ,4.87870 
1267 ,230.9642 ,2.95299 ,0.48695 ,4.77796 
1268 ,231.1563 ,2.95487 ,0.50406 ,4.94585 
1269 ,231.3322 ,2.95664 ,0.48695 ,4.77796 
1270 ,231.5085 ,2.95842 ,0.48011 ,4.71081 
1271 ,231.6843 ,2.96022 ,0.48353 ,4.74438 
1272 ,231.8764 ,2.96209 ,0.50064 ,4.91228 
1273 ,232.0526 ,2.96384 ,0.49380 ,4.84512 
1274 ,232.2447 ,2.96575 ,0.49380 ,4.84512 
1275 ,232.4368 ,2.96773 ,0.50064 ,4.91228 
1276 ,232.6128 ,2.96951 ,0.48353 ,4.74438 
1277 ,232.8049 ,2.97134 ,0.50064 ,4.91228 
1278 ,232.9807 ,2.97308 ,0.51091 ,5.01301 
1279 ,233.1571 ,2.97489 ,0.49380 ,4.84512 
1280 ,233.3332 ,2.97664 ,0.48695 ,4.77796 
1281 ,233.5252 ,2.97857 ,0.49037 ,4.81154 
1282 ,233.7014 ,2.98032 ,0.51091 ,5.01301 
1283 ,233.9093 ,2.98236 ,0.50406 ,4.94585 
1284 ,234.1014 ,2.98432 ,0.51091 ,5.01301 
1285 ,234.2934 ,2.98623 ,0.48695 ,4.77796 
1286 ,234.4695 ,2.98802 ,0.49722 ,4.87870 
1287 ,234.6452 ,2.98978 ,0.49380 ,4.84512 
1288 ,234.8213 ,2.99152 ,0.50064 ,4.91228 
1289 ,234.9814 ,2.99325 ,0.50064 ,4.91228 
1290 ,235.1577 ,2.99485 ,0.50406 ,4.94585 
1291 ,235.3502 ,2.99678 ,0.49380 ,4.84512 
1292 ,235.5258 ,2.99857 ,0.50064 ,4.91228 
1293 ,235.6860 ,3.00028 ,0.50748 ,4.97943 
1294 ,235.8621 ,3.00195 ,0.50064 ,4.91228 
1295 ,236.0382 ,3.00367 ,0.49380 ,4.84512 
1296 ,236.2463 ,3.00573 ,0.49380 ,4.84512 
1297 ,236.4539 ,3.00780 ,0.48695 ,4.77796 
1298 ,236.6303 ,3.00965 ,0.48695 ,4.77796 
1299 ,236.8226 ,3.01154 ,0.51091 ,5.01301 
1300 ,237.0146 ,3.01347 ,0.50064 ,4.91228 
1301 ,237.2066 ,3.01530 ,0.50748 ,4.97943 
1302 ,237.3827 ,3.01714 ,0.50748 ,4.97943 
1303 ,237.5748 ,3.01896 ,0.47668 ,4.67723 
1304 ,237.7508 ,3.02080 ,0.50064 ,4.91228 
1305 ,237.9269 ,3.02256 ,0.50406 ,4.94585 
1306 ,238.1031 ,3.02431 ,0.50064 ,4.91228 
1307 ,238.2791 ,3.02621 ,0.50064 ,4.91228 
1308 ,238.4712 ,3.02796 ,0.49380 ,4.84512 
1309 ,238.6470 ,3.02976 ,0.48695 ,4.77796 
1310 ,238.8393 ,3.03172 ,0.51091 ,5.01301 
1311 ,239.0310 ,3.03358 ,0.49037 ,4.81154 
1312 ,239.2075 ,3.03535 ,0.50406 ,4.94585 
1313 ,239.3835 ,3.03720 ,0.49037 ,4.81154 
1314 ,239.5757 ,3.03902 ,0.47668 ,4.67723 
1315 ,239.7519 ,3.04083 ,0.47326 ,4.64365 
1316 ,239.9275 ,3.04258 ,0.49037 ,4.81154 
1317 ,240.1198 ,3.04446 ,0.50406 ,4.94585 
1318 ,240.2956 ,3.04622 ,0.49380 ,4.84512 
1319 ,240.4723 ,3.04803 ,0.49380 ,4.84512 
1320 ,240.6641 ,3.04995 ,0.51775 ,5.08017 
1321 ,240.8398 ,3.05171 ,0.49722 ,4.87870 
1322 ,241.0161 ,3.05348 ,0.49380 ,4.84512 
1323 ,241.2082 ,3.05530 ,0.48011 ,4.71081 
1324 ,241.3840 ,3.05709 ,0.50748 ,4.97943 
1325 ,241.5605 ,3.05890 ,0.50064 ,4.91228 
1326 ,241.7685 ,3.06091 ,0.51433 ,5.04659 
1327 ,241.9606 ,3.06284 ,0.51433 ,5.04659 
1328 ,242.1525 ,3.06474 ,0.48353 ,4.74438 
1329 ,242.3286 ,3.06655 ,0.49380 ,4.84512 
1330 ,242.5044 ,3.06832 ,0.50406 ,4.94585 
1331 ,242.6809 ,3.07006 ,0.50748 ,4.97943 
1332 ,242.8729 ,3.07194 ,0.50064 ,4.91228 
1333 ,243.0651 ,3.07396 ,0.51091 ,5.01301 
1334 ,243.2729 ,3.07585 ,0.49037 ,4.81154 
1335 ,243.4809 ,3.07799 ,0.50748 ,4.97943 
1336 ,243.6570 ,3.07984 ,0.48353 ,4.74438 
1337 ,243.8333 ,3.08162 ,0.48011 ,4.71081 
1338 ,244.0094 ,3.08337 ,0.50748 ,4.97943 
1339 ,244.2013 ,3.08531 ,0.50406 ,4.94585 
1340 ,244.3777 ,3.08707 ,0.49722 ,4.87870 
1341 ,244.5696 ,3.08901 ,0.50406 ,4.94585 
1342 ,244.7457 ,3.09070 ,0.49380 ,4.84512 
1343 ,244.9377 ,3.09266 ,0.49722 ,4.87870 
1344 ,245.1139 ,3.09438 ,0.49380 ,4.84512 
1345 ,245.3219 ,3.09632 ,0.50064 ,4.91228 
1346 ,245.4980 ,3.09830 ,0.49380 ,4.84512 
1347 ,245.6739 ,3.09999 ,0.49380 ,4.84512 
1348 ,245.8662 ,3.10191 ,0.50406 ,4.94585 
1349 ,246.0422 ,3.10366 ,0.50064 ,4.91228 
1350 ,246.2184 ,3.10545 ,0.49722 ,4.87870 
1351 ,246.3943 ,3.10722 ,0.49037 ,4.81154 
1352 ,246.5707 ,3.10897 ,0.49037 ,4.81154 
1353 ,246.7625 ,3.11089 ,0.51433 ,5.04659 
1354 ,246.9384 ,3.11267 ,0.49037 ,4.81154 
1355 ,247.1146 ,3.11437 ,0.48695 ,4.77796 
1356 ,247.2907 ,3.11621 ,0.49380 ,4.84512 
1357 ,247.4667 ,3.11795 ,0.50748 ,4.97943 
1358 ,247.6586 ,3.11990 ,0.49722 ,4.87870 
1359 ,247.8350 ,3.12160 ,0.48353 ,4.74438 
1360 ,248.0270 ,3.12348 ,0.51091 ,5.01301 
1361 ,248.2032 ,3.12532 ,0.50748 ,4.97943 
1362 ,248.3952 ,3.12717 ,0.49722 ,4.87870 
1363 ,248.5872 ,3.12907 ,0.48695 ,4.77796 
1364 ,248.7791 ,3.13105 ,0.49722 ,4.87870 
1365 ,248.9555 ,3.13280 ,0.49380 ,4.84512 
1366 ,249.1475 ,3.13472 ,0.50748 ,4.97943 
1367 ,249.3236 ,3.13651 ,0.51775 ,5.08017 
1368 ,249.4997 ,3.13829 ,0.50748 ,4.97943 
1369 ,249.6917 ,3.14019 ,0.50406 ,4.94585 
1370 ,249.8517 ,3.14188 ,0.50748 ,4.97943 
1371 ,250.0279 ,3.14347 ,0.50748 ,4.97943 
1372 ,250.2196 ,3.14546 ,0.50406 ,4.94585 
1373 ,250.3957 ,3.14717 ,0.48353 ,4.74438 
1374 ,250.5721 ,3.14899 ,0.49380 ,4.84512 
1375 ,250.7482 ,3.15076 ,0.50406 ,4.94585 
1376 ,250.9402 ,3.15266 ,0.49380 ,4.84512 
1377 ,251.1162 ,3.15441 ,0.49380 ,4.84512 
1378 ,251.2924 ,3.15619 ,0.50064 ,4.91228 
1379 ,251.4684 ,3.15796 ,0.51091 ,5.01301 
1380 ,251.6445 ,3.15965 ,0.50064 ,4.91228 
1381 ,251.8207 ,3.16145 ,0.48695 ,4.77796 
1382 ,252.0287 ,3.16345 ,0.49722 ,4.87870 
1383 ,252.2368 ,3.16556 ,0.51091 ,5.01301 
1384 ,252.4128 ,3.16737 ,0.51433 ,5.04659 
1385 ,252.5889 ,3.16911 ,0.51091 ,5.01301 
1386 ,252.7810 ,3.17104 ,0.49380 ,4.84512 
1387 ,252.9566 ,3.17278 ,0.49037 ,4.81154 
1388 ,253.1331 ,3.17459 ,0.49722 ,4.87870 
1389 ,253.3251 ,3.17651 ,0.49380 ,4.84512 
1390 ,253.5013 ,3.17823 ,0.49722 ,4.87870 
1391 ,253.6773 ,3.18001 ,0.48011 ,4.71081 
1392 ,253.8534 ,3.18179 ,0.50064 ,4.91228 
1393 ,254.0454 ,3.18362 ,0.49722 ,4.87870 
1394 ,254.2216 ,3.18546 ,0.49722 ,4.87870 
1395 ,254.3972 ,3.18722 ,0.48695 ,4.77796 
1396 ,254.5739 ,3.18899 ,0.49722 ,4.87870 
1397 ,254.7819 ,3.19101 ,0.51775 ,5.08017 
1398 ,254.9577 ,3.19281 ,0.48353 ,4.74438 
1399 ,255.1178 ,3.19451 ,0.51091 ,5.01301 
1400 ,255.2940 ,3.19617 ,0.49380 ,4.84512 
1401 ,255.4701 ,3.19794 ,0.50748 ,4.97943 
1402 ,255.6622 ,3.19982 ,0.49380 ,4.84512 
1403 ,255.8542 ,3.20171 ,0.50064 ,4.91228 
1404 ,256.0304 ,3.20352 ,0.51091 ,5.01301 
1405 ,256.2063 ,3.20530 ,0.51091 ,5.01301 
1406 ,256.3982 ,3.20724 ,0.48353 ,4.74438 
1407 ,256.5745 ,3.20894 ,0.50064 ,4.91228 
1408 ,256.7506 ,3.21072 ,0.50406 ,4.94585 
1409 ,256.9268 ,3.21251 ,0.51091 ,5.01301 
1410 ,257.1188 ,3.21442 ,0.48353 ,4.74438 
1411 ,257.3109 ,3.21639 ,0.50748 ,4.97943 
1412 ,257.4869 ,3.21809 ,0.50064 ,4.91228 
1413 ,257.6789 ,3.21999 ,0.49380 ,4.84512 
1414 ,257.8550 ,3.22180 ,0.49380 ,4.84512 
1415 ,258.0311 ,3.22350 ,0.50748 ,4.97943 
1416 ,258.2069 ,3.22528 ,0.50406 ,4.94585 
1417 ,258.3832 ,3.22707 ,0.50748 ,4.97943 
1418 ,258.5753 ,3.22892 ,0.50064 ,4.91228 
1419 ,258.7514 ,3.23070 ,0.50406 ,4.94585 
1420 ,258.9593 ,3.23274 ,0.50064 ,4.91228 
1421 ,259.1515 ,3.23471 ,0.52459 ,5.14732 
1422 ,259.3276 ,3.23644 ,0.51091 ,5.01301 
1423 ,259.5037 ,3.23825 ,0.50064 ,4.91228 
1424 ,259.6799 ,3.24000 ,0.48695 ,4.77796 
1425 ,259.8717 ,3.24187 ,0.50406 ,4.94585 
1426 ,260.0638 ,3.24382 ,0.50748 ,4.97943 
1427 ,260.2400 ,3.24563 ,0.48695 ,4.77796 
1428 ,260.4321 ,3.24752 ,0.51091 ,5.01301 
1429 ,260.6238 ,3.24943 ,0.49037 ,4.81154 
1430 ,260.8003 ,3.25120 ,0.48695 ,4.77796 
1431 ,261.0240 ,3.25331 ,0.49380 ,4.84512 
1432 ,261.2004 ,3.25523 ,0.50064 ,4.91228 
1433 ,261.3762 ,3.25695 ,0.50748 ,4.97943 
1434 ,261.5524 ,3.25873 ,0.51091 ,5.01301 
1435 ,261.7446 ,3.26063 ,0.49380 ,4.84512 
1436 ,261.9367 ,3.26259 ,0.51091 ,5.01301 
1437 ,262.1125 ,3.26430 ,0.50064 ,4.91228 
1438 ,262.2888 ,3.26606 ,0.50748 ,4.97943 
1439 ,262.4645 ,3.26781 ,0.49037 ,4.81154 
1440 ,262.6410 ,3.26962 ,0.48353 ,4.74438 
1441 ,262.8171 ,3.27140 ,0.49722 ,4.87870 
1442 ,263.0092 ,3.27331 ,0.50748 ,4.97943 
1443 ,263.2013 ,3.27522 ,0.50064 ,4.91228 
1444 ,263.3934 ,3.27708 ,0.50406 ,4.94585 
1445 ,263.5533 ,3.27887 ,0.51433 ,5.04659 
1446 ,263.7293 ,3.28049 ,0.50406 ,4.94585 
1447 ,263.9216 ,3.28237 ,0.48011 ,4.71081 
1448 ,264.1131 ,3.28435 ,0.50064 ,4.91228 
1449 ,264.2895 ,3.28607 ,0.49037 ,4.81154 
1450 ,264.4656 ,3.28798 ,0.48353 ,4.74438 
1451 ,264.6253 ,3.28954 ,0.49380 ,4.84512 
1452 ,264.8017 ,3.29118 ,0.49037 ,4.81154 
1453 ,264.9782 ,3.29297 ,0.49722 ,4.87870 
1454 ,265.1860 ,3.29502 ,0.49037 ,4.81154 
1455 ,265.3620 ,3.29679 ,0.49037 ,4.81154 
1456 ,265.5542 ,3.29877 ,0.50748 ,4.97943 
1457 ,265.7302 ,3.30049 ,0.50406 ,4.94585 
1458 ,265.9060 ,3.30230 ,0.50748 ,4.97943 
1459 ,266.0983 ,3.30418 ,0.50064 ,4.91228 
1460 ,266.2745 ,3.30596 ,0.50064 ,4.91228 
1461 ,266.4506 ,3.30766 ,0.50748 ,4.97943 
1462 ,266.6423 ,3.30951 ,0.49380 ,4.84512 
1463 ,266.8186 ,3.31141 ,0.48695 ,4.77796 
1464 ,267.0107 ,3.31329 ,0.50748 ,4.97943 
1465 ,267.1866 ,3.31501 ,0.50406 ,4.94585 
1466 ,267.3630 ,3.31681 ,0.51433 ,5.04659 
1467 ,267.5391 ,3.31861 ,0.49037 ,4.81154 
1468 ,267.7145 ,3.32039 ,0.50064 ,4.91228 
1469 ,267.8911 ,3.32209 ,0.50748 ,4.97943 
1470 ,268.0832 ,3.32401 ,0.48695 ,4.77796 
1471 ,268.2754 ,3.32589 ,0.50064 ,4.91228 
1472 ,268.4512 ,3.32773 ,0.50748 ,4.97943 
1473 ,268.6435 ,3.32960 ,0.48695 ,4.77796 
1474 ,268.8352 ,3.33145 ,0.50406 ,4.94585 
1475 ,269.0273 ,3.33339 ,0.48695 ,4.77796 
1476 ,269.2036 ,3.33519 ,0.48695 ,4.77796 
1477 ,269.3798 ,3.33694 ,0.50406 ,4.94585 
1478 ,269.5877 ,3.33893 ,0.49380 ,4.84512 
1479 ,269.7639 ,3.34083 ,0.49722 ,4.87870 
1480 ,269.9558 ,3.34264 ,0.50406 ,4.94585 
1481 ,270.1480 ,3.34460 ,0.50064 ,4.91228 
1482 ,270.3241 ,3.34645 ,0.48695 ,4.77796 
1483 ,270.5160 ,3.34833 ,0.51775 ,5.08017 
1484 ,270.6923 ,3.35008 ,0.50748 ,4.97943 
1485 ,270.8840 ,3.35201 ,0.49037 ,4.81154 
1486 ,271.0760 ,3.35384 ,0.50406 ,4.94585 
1487 ,271.2360 ,3.35561 ,0.50064 ,4.91228 
1488 ,271.4124 ,3.35729 ,0.51091 ,5.01301 
1489 ,271.6207 ,3.35929 ,0.49037 ,4.81154 
1490 ,271.8125 ,3.36130 ,0.49722 ,4.87870 
1491 ,272.0047 ,3.36316 ,0.48353 ,4.74438 
1492 ,272.1807 ,3.36502 ,0.49380 ,4.84512 
1493 ,272.3565 ,3.36671 ,0.50748 ,4.97943 
1494 ,272.5330 ,3.36843 ,0.50748 ,4.97943 
1495 ,272.7090 ,3.37023 ,0.48695 ,4.77796 
1496 ,272.9012 ,3.37217 ,0.50748 ,4.97943 
1497 ,273.0931 ,3.37402 ,0.50406 ,4.94585 
1498 ,273.2692 ,3.37589 ,0.50748 ,4.97943 
1499 ,273.4614 ,3.37765 ,0.49037 ,4.81154 
1500 ,273.6535 ,3.37966 ,0.50064 ,4.91228 
1501 ,273.8295 ,3.38144 ,0.50064 ,4.91228 
1502 ,274.0212 ,3.38342 ,0.50064 ,4.91228 
1503 ,274.1976 ,3.38512 ,0.49722 ,4.87870 
1504 ,274.3897 ,3.38701 ,0.49380 ,4.84512 
1505 ,274.5659 ,3.38879 ,0.48353 ,4.74438 
1506 ,274.7578 ,3.39068 ,0.50748 ,4.97943 
1507 ,274.9338 ,3.39252 ,0.49380 ,4.84512 
1508 ,275.1097 ,3.39421 ,0.49722 ,4.87870 
1509 ,275.2860 ,3.39602 ,0.48011 ,4.71081 
1510 ,275.4782 ,3.39790 ,0.51775 ,5.08017 
1511 ,275.6701 ,3.39990 ,0.50748 ,4.97943 
1512 ,275.8462 ,3.40160 ,0.49037 ,4.81154 
1513 ,276.0384 ,3.40342 ,0.50064 ,4.91228 
1514 ,276.2144 ,3.40529 ,0.50406 ,4.94585 
1515 ,276.3905 ,3.40701 ,0.49037 ,4.81154 
1516 ,276.5665 ,3.40879 ,0.50064 ,4.91228 
1517 ,276.7427 ,3.41056 ,0.49380 ,4.84512 
1518 ,276.9186 ,3.41233 ,0.51775 ,5.08017 
1519 ,277.0947 ,3.41409 ,0.50064 ,4.91228 
1520 ,277.2548 ,3.41583 ,0.49722 ,4.87870 
1521 ,277.4305 ,3.41746 ,0.50064 ,4.91228 
1522 ,277.6228 ,3.41925 ,0.49722 ,4.87870 
1523 ,277.8150 ,3.42126 ,0.50406 ,4.94585 
1524 ,277.9909 ,3.42301 ,0.49722 ,4.87870 
1525 ,278.1673 ,3.42479 ,0.49380 ,4.84512 
1526 ,278.3432 ,3.42673 ,0.51433 ,5.04659 
1527 ,278.5193 ,3.42832 ,0.50064 ,4.91228 
1528 ,278.6954 ,3.43008 ,0.51433 ,5.04659 
1529 ,278.8716 ,3.43187 ,0.50064 ,4.91228 
1530 ,279.0793 ,3.43378 ,0.50064 ,4.91228 
1531 ,279.2556 ,3.43568 ,0.50748 ,4.97943 
1532 ,279.4157 ,3.43741 ,0.49380 ,4.84512 
1533 ,279.5918 ,3.43906 ,0.50406 ,4.94585 
1534 ,279.7840 ,3.44084 ,0.49380 ,4.84512 
1535 ,279.9601 ,3.44276 ,0.50748 ,4.97943 
1536 ,280.1357 ,3.44448 ,0.50748 ,4.97943 
1537 ,280.2956 ,3.44622 ,0.49380 ,4.84512 
1538 ,280.4717 ,3.44785 ,0.50748 ,4.97943 
1539 ,280.6483 ,3.44960 ,0.49380 ,4.84512 
1540 ,280.8563 ,3.45170 ,0.51433 ,5.04659 
1541 ,281.0325 ,3.45342 ,0.49722 ,4.87870 
1542 ,281.2246 ,3.45533 ,0.49380 ,4.84512 
1543 ,281.4006 ,3.45715 ,0.48695 ,4.77796 
1544 ,281.5925 ,3.45900 ,0.50064 ,4.91228 
1545 ,281.7849 ,3.46101 ,0.50748 ,4.97943 
1546 ,281.9605 ,3.46279 ,0.50064 ,4.91228 
1547 ,282.1370 ,3.46452 ,0.50406 ,4.94585 
1548 ,282.3290 ,3.46648 ,0.48695 ,4.77796 
1549 ,282.5207 ,3.46831 ,0.50748 ,4.97943 
1550 ,282.6972 ,3.47009 ,0.50748 ,4.97943 
1551 ,282.8893 ,3.47204 ,0.47668 ,4.67723 
1552 ,283.0970 ,3.47394 ,0.50406 ,4.94585 
1553 ,283.2733 ,3.47583 ,0.50406 ,4.94585 
1554 ,283.4974 ,3.47795 ,0.50064 ,4.91228 
1555 ,283.6736 ,3.47983 ,0.50748 ,4.97943 
1556 ,283.8495 ,3.48159 ,0.49722 ,4.87870 
1557 ,284.0257 ,3.48338 ,0.49037 ,4.81154 
1558 ,284.2177 ,3.48525 ,0.49380 ,4.84512 
1559 ,284.4098 ,3.48716 ,0.50406 ,4.94585 
1560 ,284.5858 ,3.48897 ,0.48353 ,4.74438 
1561 ,284.7779 ,3.49089 ,0.51091 ,5.01301 
1562 ,284.9702 ,3.49284 ,0.49380 ,4.84512 
1563 ,285.1462 ,3.49456 ,0.49380 ,4.84512 
1564 ,285.3222 ,3.49628 ,0.49722 ,4.87870 
1565 ,285.4982 ,3.49771 ,0.50748 ,4.97943 
1566 ,285.6741 ,3.49879 ,0.50748 ,4.97943 
1567 ,285.8504 ,3.49953 ,0.50064 ,4.91228 
1568 ,286.0266 ,3.49993 ,0.49037 ,4.81154 
1569 ,286.2026 ,3.50000 ,0.50064 ,4.91228 
